date,year,month,region,commodity,beneficiary_count,avg_family_size,previous_month_demand,previous_month_offtake,historical_average_3m,current_stock,allocated_quota,is_festive_month,seasonal_index,monthly_demand
2022-01-01,2022,1,Chennai,Rice,12531,3.8,77746.6,76160.0,77746.6,61102.3,81662.6,1,1.25,79333.3
2022-02-01,2022,2,Chennai,Rice,12595,3.8,79333.3,74803.7,78275.5,45841.1,68670.5,0,1.006,64632.0
2022-03-01,2022,3,Chennai,Rice,12470,3.9,64632.0,63888.4,73904.0,58405.6,64776.5,0,1.01,62389.8
2022-04-01,2022,4,Chennai,Rice,12470,3.9,62389.8,59993.9,68785.0,50562.5,62536.5,0,1.006,60811.3
2022-05-01,2022,5,Chennai,Rice,12591,3.8,60811.3,58276.6,62611.0,47263.5,69203.2,0,1.04,65561.6
2022-06-01,2022,6,Chennai,Rice,12410,3.7,65561.6,63619.5,62920.9,66274.6,67455.2,0,1.04,65754.8
2022-07-01,2022,7,Chennai,Rice,12499,3.6,65754.8,63256.6,64042.6,57255.9,63672.3,0,0.965,61299.8
2022-08-01,2022,8,Chennai,Rice,12423,3.8,61299.8,59297.5,64205.4,44614.1,64845.5,0,0.954,60303.9
2022-09-01,2022,9,Chennai,Rice,12492,3.8,60303.9,57276.6,62452.8,49551.9,61597.3,0,0.95,57582.4
2022-10-01,2022,10,Chennai,Rice,12455,3.6,57582.4,54936.3,59728.7,50385.0,73366.4,1,1.1,68686.7
2022-11-01,2022,11,Chennai,Rice,12457,3.9,68686.7,67954.8,62191.0,51278.3,74560.6,1,1.1,69926.2
2022-12-01,2022,12,Chennai,Rice,12558,3.6,69926.2,66983.9,65398.4,52821.9,64385.1,0,0.98,62887.5
2023-01-01,2023,1,Chennai,Rice,12863,4.0,62887.5,60136.7,67166.8,81960.6,82459.6,1,1.25,80278.0
2023-02-01,2023,2,Chennai,Rice,12875,4.0,80278.0,78515.0,71030.6,60975.1,68433.6,0,1.006,65198.0
2023-03-01,2023,3,Chennai,Rice,12817,3.8,65198.0,62679.9,69454.5,52665.6,69672.5,0,1.01,64844.6
2023-04-01,2023,4,Chennai,Rice,12688,3.7,64844.6,62284.5,70106.9,53783.2,66363.2,0,1.006,64768.7
2023-05-01,2023,5,Chennai,Rice,12869,3.8,64768.7,61404.7,64937.1,62416.2,71079.8,0,1.04,66209.8
2023-06-01,2023,6,Chennai,Rice,12844,3.8,66209.8,64910.2,65274.4,54324.3,69488.6,0,1.04,67687.9
2023-07-01,2023,7,Chennai,Rice,12831,3.8,67687.9,65072.1,66222.1,49529.5,64704.9,0,0.965,61915.9
2023-08-01,2023,8,Chennai,Rice,12797,3.9,61915.9,58572.0,65271.2,56791.6,63236.8,0,0.954,60840.2
2023-09-01,2023,9,Chennai,Rice,12828,3.8,60840.2,59328.4,63481.3,41988.9,60768.0,0,0.95,58594.7
2023-10-01,2023,10,Chennai,Rice,12810,3.7,58594.7,56864.9,60450.3,78120.9,73047.7,1,1.1,70460.5
2023-11-01,2023,11,Chennai,Rice,12810,3.6,70460.5,67076.9,63298.5,74061.4,74534.2,1,1.1,72065.4
2023-12-01,2023,12,Chennai,Rice,12859,4.0,72065.4,69066.7,67040.2,47966.0,68140.9,0,0.98,64763.7
2024-01-01,2024,1,Chennai,Rice,13063,3.7,64763.7,63582.7,69096.5,57875.2,86768.4,1,1.25,81806.5
2024-02-01,2024,2,Chennai,Rice,13093,3.9,81806.5,78992.7,72878.5,64947.5,66202.9,0,1.006,64245.8
2024-03-01,2024,3,Chennai,Rice,13076,3.8,64245.8,61633.4,70272.0,63742.1,71740.9,0,1.01,67108.2
2024-04-01,2024,4,Chennai,Rice,13048,3.8,67108.2,64858.9,71053.5,72235.1,70185.7,0,1.006,65360.0
2024-05-01,2024,5,Chennai,Rice,13047,3.6,65360.0,63507.4,65571.3,72044.9,73572.4,0,1.04,68552.6
2024-06-01,2024,6,Chennai,Rice,13143,3.8,68552.6,66640.1,67006.9,51824.9,70930.3,0,1.04,69501.9
2024-07-01,2024,7,Chennai,Rice,13241,3.9,69501.9,67637.5,67804.8,50314.2,66277.8,0,0.965,62365.6
2024-08-01,2024,8,Chennai,Rice,13166,3.9,62365.6,59638.4,66806.7,64133.9,68965.4,0,0.954,64396.3
2024-09-01,2024,9,Chennai,Rice,13109,3.7,64396.3,62362.4,65421.3,53630.8,65953.8,0,0.95,61160.0
2024-10-01,2024,10,Chennai,Rice,13074,4.0,61160.0,60218.3,62640.6,69744.9,76326.2,1,1.1,72680.7
2024-11-01,2024,11,Chennai,Rice,13164,3.7,72680.7,70109.7,66079.0,80010.1,76266.3,1,1.1,70851.3
2024-12-01,2024,12,Chennai,Rice,13155,3.8,70851.3,69841.2,68230.7,74155.1,70516.1,0,0.98,65413.9
2022-01-01,2022,1,Chennai,Wheat,12447,3.6,32640.7,31974.5,32640.7,31660.1,34311.7,1,1.08,33306.8
2022-02-01,2022,2,Chennai,Wheat,12553,3.9,33306.8,32867.4,32862.7,31923.5,33527.5,0,1.006,32683.3
2022-03-01,2022,3,Chennai,Wheat,12503,3.6,32683.3,32340.2,32876.9,32308.5,33761.7,0,1.01,31796.0
2022-04-01,2022,4,Chennai,Wheat,12535,3.9,31796.0,30459.8,32595.4,33952.9,33280.9,0,1.006,31144.2
2022-05-01,2022,5,Chennai,Wheat,12532,4.4,31144.2,30697.7,31874.5,34870.1,35002.3,0,1.04,32955.2
2022-06-01,2022,6,Chennai,Wheat,12570,3.6,32955.2,32444.4,31965.1,30440.1,32513.8,0,1.04,31701.0
2022-07-01,2022,7,Chennai,Wheat,12644,3.5,31701.0,29855.9,31933.5,22165.3,31597.3,0,0.965,30922.3
2022-08-01,2022,8,Chennai,Wheat,12399,3.7,30922.3,30338.8,31859.5,30740.0,30882.1,0,0.954,29374.2
2022-09-01,2022,9,Chennai,Wheat,12454,3.8,29374.2,27928.7,30665.8,29215.7,31157.6,0,0.95,29605.2
2022-10-01,2022,10,Chennai,Wheat,12459,3.8,29605.2,28903.7,29967.2,39223.4,38539.1,1,1.18,37079.0
2022-11-01,2022,11,Chennai,Wheat,12450,3.8,37079.0,35356.4,32019.5,28861.9,38750.7,1,1.18,37098.4
2022-12-01,2022,12,Chennai,Wheat,12554,3.8,37098.4,35162.7,34594.2,29678.8,31637.0,0,0.98,29765.5
2023-01-01,2023,1,Chennai,Wheat,12945,4.0,29765.5,28396.2,34647.6,35279.9,35291.0,1,1.08,33889.4
2023-02-01,2023,2,Chennai,Wheat,12782,3.8,33889.4,31880.4,33584.4,30722.6,34212.5,0,1.006,33349.7
2023-03-01,2023,3,Chennai,Wheat,12796,3.6,33349.7,32138.2,32334.9,24035.6,35303.5,0,1.01,33364.8
2023-04-01,2023,4,Chennai,Wheat,12723,3.8,33364.8,31987.9,33534.6,33380.1,35891.9,0,1.006,33500.3
2023-05-01,2023,5,Chennai,Wheat,12824,3.7,33500.3,31763.2,33404.9,32018.7,35940.3,0,1.04,33388.9
2023-06-01,2023,6,Chennai,Wheat,12788,3.7,33388.9,32033.6,33418.0,38937.9,36480.3,0,1.04,34652.8
2023-07-01,2023,7,Chennai,Wheat,12830,3.7,34652.8,33242.6,33847.3,21899.2,33002.5,0,0.965,30823.5
2023-08-01,2023,8,Chennai,Wheat,12781,3.7,30823.5,30229.3,32955.1,29752.8,32137.2,0,0.954,30266.6
2023-09-01,2023,9,Chennai,Wheat,12863,3.9,30266.6,29778.5,31914.3,31938.1,31997.0,0,0.95,30043.1
2023-10-01,2023,10,Chennai,Wheat,12777,3.5,30043.1,29728.4,30377.7,31379.8,39220.5,1,1.18,36772.0
2023-11-01,2023,11,Chennai,Wheat,12798,4.0,36772.0,36277.0,32360.6,42451.1,39382.4,1,1.18,38377.4
2023-12-01,2023,12,Chennai,Wheat,12863,3.7,38377.4,37044.3,35064.2,28103.0,34480.3,0,0.98,32112.6
2024-01-01,2024,1,Chennai,Wheat,13145,3.8,32112.6,30203.2,35754.0,32068.4,37619.7,1,1.08,35560.4
2024-02-01,2024,2,Chennai,Wheat,13162,4.0,35560.4,33948.1,35350.1,34125.7,34414.3,0,1.006,32309.6
2024-03-01,2024,3,Chennai,Wheat,13124,3.7,32309.6,31646.6,33327.5,36489.4,34731.3,0,1.01,33188.3
2024-04-01,2024,4,Chennai,Wheat,13082,3.9,33188.3,31779.3,33686.1,24934.9,34675.0,0,1.006,33794.1
2024-05-01,2024,5,Chennai,Wheat,13095,3.8,33794.1,32950.9,33097.3,37235.2,35334.4,0,1.04,33060.9
2024-06-01,2024,6,Chennai,Wheat,13037,3.7,33060.9,32707.2,33347.8,36549.3,35689.1,0,1.04,34818.3
2024-07-01,2024,7,Chennai,Wheat,13178,3.8,34818.3,33701.3,33891.1,28948.1,32437.0,0,0.965,31779.8
2024-08-01,2024,8,Chennai,Wheat,13062,4.0,31779.8,29962.5,33219.7,35840.4,33373.7,0,0.954,31633.8
2024-09-01,2024,9,Chennai,Wheat,13168,3.7,31633.8,30328.7,32744.0,29819.4,32181.6,0,0.95,31414.2
2024-10-01,2024,10,Chennai,Wheat,13125,4.1,31414.2,31051.8,31609.3,35307.3,41443.4,1,1.18,39033.3
2024-11-01,2024,11,Chennai,Wheat,13179,3.8,39033.3,37916.1,34027.1,31841.9,42067.8,1,1.18,40580.8
2024-12-01,2024,12,Chennai,Wheat,13074,4.0,40580.8,39086.8,37009.4,35146.7,31633.1,0,0.98,30871.7
2022-01-01,2022,1,Chennai,Sugar,12521,4.1,15629.8,15310.8,15629.8,12331.3,16923.0,1,1.25,15948.8
2022-02-01,2022,2,Chennai,Sugar,12463,3.9,15948.8,15718.3,15736.1,14453.2,13489.9,0,1.006,12907.8
2022-03-01,2022,3,Chennai,Sugar,12573,3.7,12907.8,12692.3,14828.8,13231.9,13222.6,0,1.01,12263.6
2022-04-01,2022,4,Chennai,Sugar,12584,3.4,12263.6,12041.8,13706.7,9017.1,12883.6,0,1.006,12431.1
2022-05-01,2022,5,Chennai,Sugar,12500,3.8,12431.1,12222.7,12534.2,9766.9,13488.9,0,1.04,12883.0
2022-06-01,2022,6,Chennai,Sugar,12538,3.6,12883.0,12724.6,12525.9,12891.3,13973.9,0,1.04,13179.2
2022-07-01,2022,7,Chennai,Sugar,12520,3.7,13179.2,12624.5,12831.1,13496.5,13094.5,0,0.965,12456.6
2022-08-01,2022,8,Chennai,Sugar,12507,4.0,12456.6,12052.9,12839.6,9102.1,12500.9,0,0.954,11971.6
2022-09-01,2022,9,Chennai,Sugar,12540,4.0,11971.6,11270.5,12535.8,8254.6,12012.4,0,0.95,11683.1
2022-10-01,2022,10,Chennai,Sugar,12542,3.5,11683.1,11186.9,12037.1,16854.4,15931.3,1,1.18,15227.1
2022-11-01,2022,11,Chennai,Sugar,12593,3.8,15227.1,14578.6,12960.6,17296.8,16444.6,1,1.18,15343.8
2022-12-01,2022,12,Chennai,Sugar,12413,3.8,15343.8,14536.0,14084.7,11204.4,12797.2,0,0.98,12358.5
2023-01-01,2023,1,Chennai,Sugar,12683,3.8,12358.5,12222.6,14309.8,11703.5,15819.2,1,1.25,15440.1
2023-02-01,2023,2,Chennai,Sugar,12854,3.6,15440.1,14612.5,14380.8,14409.1,13588.9,0,1.006,13057.0
2023-03-01,2023,3,Chennai,Sugar,12750,3.9,13057.0,12583.0,13618.5,9427.2,13131.0,0,1.01,12740.9
2023-04-01,2023,4,Chennai,Sugar,12762,3.6,12740.9,12053.3,13746.0,11849.6,13324.4,0,1.006,12789.1
2023-05-01,2023,5,Chennai,Sugar,12768,3.8,12789.1,12463.2,12862.3,13735.4,14154.8,0,1.04,13248.9
2023-06-01,2023,6,Chennai,Sugar,12798,3.7,13248.9,12576.2,12926.3,12700.2,13620.1,0,1.04,12983.0
2023-07-01,2023,7,Chennai,Sugar,12915,3.8,12983.0,12443.5,13007.0,11843.4,13245.9,0,0.965,12606.7
2023-08-01,2023,8,Chennai,Sugar,12831,4.0,12606.7,11917.9,12946.2,9558.0,12041.7,0,0.954,11639.6
2023-09-01,2023,9,Chennai,Sugar,12772,3.6,11639.6,11160.8,12409.8,11593.3,13387.6,0,0.95,12542.8
2023-10-01,2023,10,Chennai,Sugar,12867,4.2,12542.8,11844.7,12263.0,13852.9,16493.8,1,1.18,15491.1
2023-11-01,2023,11,Chennai,Sugar,12757,3.6,15491.1,14660.5,13224.5,17538.9,15966.3,1,1.18,15332.1
2023-12-01,2023,12,Chennai,Sugar,12931,3.7,15332.1,14876.6,14455.3,10224.2,12979.8,0,0.98,12611.9
2024-01-01,2024,1,Chennai,Sugar,13087,3.7,12611.9,11956.5,14478.4,18700.9,17105.3,1,1.25,16374.6
2024-02-01,2024,2,Chennai,Sugar,13073,3.9,16374.6,15483.9,14772.9,14017.5,14073.3,0,1.006,13128.9
2024-03-01,2024,3,Chennai,Sugar,13156,3.7,13128.9,12510.5,14038.5,10997.2,14036.9,0,1.01,13314.0
2024-04-01,2024,4,Chennai,Sugar,13171,3.7,13314.0,13027.4,14272.5,12054.9,13575.3,0,1.006,12984.2
2024-05-01,2024,5,Chennai,Sugar,13141,3.7,12984.2,12362.5,13142.4,12685.6,14246.2,0,1.04,13841.2
2024-06-01,2024,6,Chennai,Sugar,13021,3.8,13841.2,13379.3,13379.8,9785.1,13808.5,0,1.04,13431.5
2024-07-01,2024,7,Chennai,Sugar,13187,3.7,13431.5,13290.4,13419.0,12524.6,13787.0,0,0.965,12938.1
2024-08-01,2024,8,Chennai,Sugar,13054,3.5,12938.1,12466.9,13403.6,13096.4,13120.8,0,0.954,12196.6
2024-09-01,2024,9,Chennai,Sugar,13148,3.7,12196.6,12053.3,12855.4,13498.4,13193.7,0,0.95,12512.2
2024-10-01,2024,10,Chennai,Sugar,13115,3.7,12512.2,11848.9,12549.0,12117.9,16124.7,1,1.18,15657.8
2024-11-01,2024,11,Chennai,Sugar,13143,4.1,15657.8,15356.1,13455.5,16843.5,16466.0,1,1.18,15778.9
2024-12-01,2024,12,Chennai,Sugar,13104,3.7,15778.9,15178.6,14649.6,12716.0,12736.3,0,0.98,12269.1
2022-01-01,2022,1,Chennai,Dal,12520,3.8,10776.8,10556.8,10776.8,10786.7,11814.7,1,1.08,10996.7
2022-02-01,2022,2,Chennai,Dal,12361,3.8,10996.7,10401.2,10850.1,7673.3,10464.5,0,1.006,10061.1
2022-03-01,2022,3,Chennai,Dal,12539,4.1,10061.1,9856.9,10611.5,8544.3,10464.3,0,1.01,10168.4
2022-04-01,2022,4,Chennai,Dal,12515,4.0,10168.4,9684.6,10408.7,8669.9,10890.1,0,1.006,10152.9
2022-05-01,2022,5,Chennai,Dal,12483,3.7,10152.9,9960.6,10127.5,10551.1,10641.1,0,1.04,10293.6
2022-06-01,2022,6,Chennai,Dal,12523,4.0,10293.6,10046.6,10205.0,8644.9,11188.0,0,1.04,10629.3
2022-07-01,2022,7,Chennai,Dal,12388,4.0,10629.3,10175.3,10358.6,9338.0,9971.6,0,0.965,9688.7
2022-08-01,2022,8,Chennai,Dal,12496,3.8,9688.7,9352.4,10203.9,10686.4,10236.5,0,0.954,9546.1
2022-09-01,2022,9,Chennai,Dal,12530,3.8,9546.1,9243.1,9954.7,9119.4,9883.7,0,0.95,9372.2
2022-10-01,2022,10,Chennai,Dal,12529,3.8,9372.2,9008.6,9535.7,10700.1,12746.3,1,1.18,11851.1
2022-11-01,2022,11,Chennai,Dal,12503,4.0,11851.1,11207.1,10256.5,9702.4,11668.8,1,1.18,11403.3
2022-12-01,2022,12,Chennai,Dal,12595,3.9,11403.3,11176.9,10875.5,8058.9,10124.2,0,0.98,9416.2
2023-01-01,2023,1,Chennai,Dal,12791,4.1,9416.2,9014.6,10890.2,8568.4,11306.8,1,1.08,10994.0
2023-02-01,2023,2,Chennai,Dal,12718,3.9,10994.0,10608.3,10604.5,9807.9,10629.0,0,1.006,10203.1
2023-03-01,2023,3,Chennai,Dal,12795,3.6,10203.1,9913.5,10204.4,11277.8,11131.6,0,1.01,10870.4
2023-04-01,2023,4,Chennai,Dal,12816,3.8,10870.4,10332.3,10689.2,7412.4,10671.4,0,1.006,10346.1
2023-05-01,2023,5,Chennai,Dal,12767,3.8,10346.1,9969.5,10473.2,9493.7,11111.9,0,1.04,10568.0
2023-06-01,2023,6,Chennai,Dal,12906,3.6,10568.0,10145.7,10594.8,11728.2,11114.8,0,1.04,10781.5
2023-07-01,2023,7,Chennai,Dal,12724,3.7,10781.5,10644.6,10565.2,7398.2,9811.4,0,0.965,9604.7
2023-08-01,2023,8,Chennai,Dal,12922,3.8,9604.7,9372.3,10318.1,7933.9,10197.0,0,0.954,9868.2
2023-09-01,2023,9,Chennai,Dal,12779,3.9,9868.2,9607.6,10084.8,7669.1,9720.7,0,0.95,9474.7
2023-10-01,2023,10,Chennai,Dal,12857,3.8,9474.7,9248.4,9649.2,12206.2,12733.1,1,1.18,12198.4
2023-11-01,2023,11,Chennai,Dal,12849,3.8,12198.4,11591.5,10513.8,13450.2,12761.5,1,1.18,12208.6
2023-12-01,2023,12,Chennai,Dal,12734,3.6,12208.6,11975.1,11293.9,9483.0,10240.6,0,0.98,9820.5
2024-01-01,2024,1,Chennai,Dal,13044,4.1,9820.5,9362.9,11409.2,12170.3,11207.5,1,1.08,10800.7
2024-02-01,2024,2,Chennai,Dal,13231,3.9,10800.7,10565.0,10943.3,9485.3,11365.0,0,1.006,10641.5
2024-03-01,2024,3,Chennai,Dal,13144,3.5,10641.5,10015.0,10420.9,11116.5,10627.1,0,1.01,10334.0
2024-04-01,2024,4,Chennai,Dal,13171,3.6,10334.0,10222.6,10592.1,7522.7,11007.2,0,1.006,10621.2
2024-05-01,2024,5,Chennai,Dal,13137,3.7,10621.2,10469.5,10532.2,11827.8,11670.3,0,1.04,11019.2
2024-06-01,2024,6,Chennai,Dal,13018,4.0,11019.2,10471.8,10658.1,8701.4,11840.4,0,1.04,11171.2
2024-07-01,2024,7,Chennai,Dal,13009,3.6,11171.2,11011.7,10937.2,10235.9,10214.7,0,0.965,9917.4
2024-08-01,2024,8,Chennai,Dal,13126,3.6,9917.4,9363.4,10702.6,8410.7,10573.8,0,0.954,10134.4
2024-09-01,2024,9,Chennai,Dal,13064,4.0,10134.4,9706.6,10407.7,10924.2,10322.8,0,0.95,9740.1
2024-10-01,2024,10,Chennai,Dal,13289,3.9,9740.1,9512.5,9930.6,11231.5,12444.5,1,1.18,12163.7
2024-11-01,2024,11,Chennai,Dal,13196,3.7,12163.7,11796.9,10679.4,11149.6,13211.4,1,1.18,12448.3
2024-12-01,2024,12,Chennai,Dal,13235,3.9,12448.3,11854.8,11450.7,8625.0,11133.6,0,0.98,10486.8
2022-01-01,2022,1,Coimbatore,Rice,9764,3.8,59715.5,58496.8,59715.5,57513.1,62829.7,1,1.25,60934.2
2022-02-01,2022,2,Coimbatore,Rice,9830,3.9,60934.2,59937.8,60121.7,50632.6,53035.4,0,1.006,50055.7
2022-03-01,2022,3,Coimbatore,Rice,9796,3.6,50055.7,49177.7,56901.8,47678.3,51433.4,0,1.01,49894.9
2022-04-01,2022,4,Coimbatore,Rice,9810,3.9,49894.9,49185.1,53628.3,55270.6,52978.2,0,1.006,49132.9
2022-05-01,2022,5,Coimbatore,Rice,9801,3.8,49132.9,47349.9,49694.5,50276.8,53075.3,0,1.04,51921.6
2022-06-01,2022,6,Coimbatore,Rice,9774,3.6,51921.6,49403.4,50316.5,38019.6,55432.9,0,1.04,52123.8
2022-07-01,2022,7,Coimbatore,Rice,9870,3.8,52123.8,49818.1,51059.4,47494.3,52161.4,0,0.965,48605.5
2022-08-01,2022,8,Coimbatore,Rice,9727,3.9,48605.5,46255.3,50883.6,53365.6,49597.1,0,0.954,46442.4
2022-09-01,2022,9,Coimbatore,Rice,9774,4.0,46442.4,44470.3,49057.2,55497.4,52077.9,0,0.95,48561.1
2022-10-01,2022,10,Coimbatore,Rice,9782,3.5,48561.1,47512.8,47869.7,41913.7,55244.1,1,1.1,51908.7
2022-11-01,2022,11,Coimbatore,Rice,9734,3.7,51908.7,49080.9,48970.7,37145.2,53643.5,1,1.1,52461.8
2022-12-01,2022,12,Coimbatore,Rice,9762,3.5,52461.8,51905.0,50977.2,37259.6,49515.8,0,0.98,46678.7
2023-01-01,2023,1,Coimbatore,Rice,10093,3.8,46678.7,46095.1,50349.7,48850.0,66598.6,1,1.25,63018.8
2023-02-01,2023,2,Coimbatore,Rice,10078,4.0,63018.8,62360.8,54053.1,42066.9,54991.5,0,1.006,52334.9
2023-03-01,2023,3,Coimbatore,Rice,10014,3.7,52334.9,49656.7,54010.8,56720.7,51097.8,0,1.01,49926.0
2023-04-01,2023,4,Coimbatore,Rice,10103,3.7,49926.0,49136.6,55093.2,50279.9,52874.5,0,1.006,49624.4
2023-05-01,2023,5,Coimbatore,Rice,10017,3.9,49624.4,47028.8,50628.4,50262.1,55206.4,0,1.04,52299.8
2023-06-01,2023,6,Coimbatore,Rice,9970,3.7,52299.8,49401.0,50616.7,57690.9,53905.9,0,1.04,52449.3
2023-07-01,2023,7,Coimbatore,Rice,10059,3.9,52449.3,51808.5,51457.8,43460.1,50414.0,0,0.965,49173.9
2023-08-01,2023,8,Coimbatore,Rice,10143,3.9,49173.9,47139.8,51307.7,34955.2,49824.5,0,0.954,47463.1
2023-09-01,2023,9,Coimbatore,Rice,10019,3.8,47463.1,45137.8,49695.4,45984.8,49897.9,0,0.95,47574.6
2023-10-01,2023,10,Coimbatore,Rice,10103,4.0,47574.6,46681.8,48070.5,44542.0,57238.3,1,1.1,54308.7
2023-11-01,2023,11,Coimbatore,Rice,10073,4.0,54308.7,53436.0,49782.1,56652.0,59793.3,1,1.1,56310.6
2023-12-01,2023,12,Coimbatore,Rice,10069,3.7,56310.6,54673.7,52731.3,54411.4,53441.2,0,0.98,49812.3
2024-01-01,2024,1,Coimbatore,Rice,10281,3.8,49812.3,46896.4,53477.2,70287.3,67757.7,1,1.25,65806.8
2024-02-01,2024,2,Coimbatore,Rice,10249,3.8,65806.8,64596.4,57309.9,50401.1,53474.0,0,1.006,51555.0
2024-03-01,2024,3,Coimbatore,Rice,10223,3.9,51555.0,50991.0,55724.7,39122.3,55785.3,0,1.01,52292.6
2024-04-01,2024,4,Coimbatore,Rice,10395,3.9,52292.6,51144.9,56551.5,51534.2,54456.3,0,1.006,52336.0
2024-05-01,2024,5,Coimbatore,Rice,10268,3.8,52336.0,51634.8,52061.2,52466.3,55851.3,0,1.04,54540.1
2024-06-01,2024,6,Coimbatore,Rice,10239,3.7,54540.1,52210.9,53056.2,60748.9,57237.8,0,1.04,53378.9
2024-07-01,2024,7,Coimbatore,Rice,10262,3.9,53378.9,52762.0,53418.3,45991.6,54179.3,0,0.965,51064.5
2024-08-01,2024,8,Coimbatore,Rice,10286,3.6,51064.5,48699.3,52994.5,49485.2,52200.1,0,0.954,48890.8
2024-09-01,2024,9,Coimbatore,Rice,10301,3.7,48890.8,46497.0,51111.4,36614.7,51350.5,0,0.95,47676.9
2024-10-01,2024,10,Coimbatore,Rice,10332,3.8,47676.9,45846.9,49210.7,50577.9,60901.3,1,1.1,57545.7
2024-11-01,2024,11,Coimbatore,Rice,10287,3.8,57545.7,54882.0,51371.1,40202.7,58151.5,1,1.1,56305.5
2024-12-01,2024,12,Coimbatore,Rice,10307,3.9,56305.5,54761.8,53842.7,56963.7,52585.2,0,0.98,50157.9
2022-01-01,2022,1,Coimbatore,Wheat,9816,3.9,26269.1,25733.0,26269.1,26317.3,28565.3,1,1.08,26805.2
2022-02-01,2022,2,Coimbatore,Wheat,9821,4.0,26805.2,25372.8,26447.8,18776.1,26161.6,0,1.006,24942.1
2022-03-01,2022,3,Coimbatore,Wheat,9766,4.1,24942.1,23601.7,26005.5,23700.2,25227.0,0,1.01,24639.3
2022-04-01,2022,4,Coimbatore,Wheat,9729,3.7,24639.3,23492.3,25462.2,17599.1,26135.9,0,1.006,24955.2
2022-05-01,2022,5,Coimbatore,Wheat,9777,3.4,24955.2,23548.3,24845.5,26757.8,26133.6,0,1.04,24614.9
2022-06-01,2022,6,Coimbatore,Wheat,9837,3.8,24614.9,24097.8,24736.5,20452.8,25949.0,0,1.04,25284.1
2022-07-01,2022,7,Coimbatore,Wheat,9799,3.6,25284.1,25014.4,24951.4,17152.7,25655.6,0,0.965,24350.9
2022-08-01,2022,8,Coimbatore,Wheat,9842,3.7,24350.9,23287.3,24750.0,16794.9,24455.3,0,0.954,23491.3
2022-09-01,2022,9,Coimbatore,Wheat,9750,3.8,23491.3,22174.1,24375.4,18952.8,25620.9,0,0.95,23988.8
2022-10-01,2022,10,Coimbatore,Wheat,9831,3.8,23988.8,22750.4,23943.7,20382.4,30318.8,1,1.18,28538.3
2022-11-01,2022,11,Coimbatore,Wheat,9802,3.7,28538.3,28161.9,25339.5,31101.7,31162.3,1,1.18,29319.7
2022-12-01,2022,12,Coimbatore,Wheat,9819,3.8,29319.7,28058.1,27282.3,22149.2,26206.1,0,0.98,24513.7
2023-01-01,2023,1,Coimbatore,Wheat,10130,3.8,24513.7,23831.7,27457.2,21559.2,28946.6,1,1.08,26994.7
2023-02-01,2023,2,Coimbatore,Wheat,10021,3.6,26994.7,26692.2,26942.7,24846.2,26615.7,0,1.006,24935.5
2023-03-01,2023,3,Coimbatore,Wheat,10129,3.9,24935.5,24060.5,25481.3,25751.4,26413.5,0,1.01,25595.2
2023-04-01,2023,4,Coimbatore,Wheat,10050,4.0,25595.2,24151.9,25841.8,26082.3,26824.0,0,1.006,25219.3
2023-05-01,2023,5,Coimbatore,Wheat,9984,3.6,25219.3,24242.7,25250.0,26762.4,27282.6,0,1.04,26074.9
2023-06-01,2023,6,Coimbatore,Wheat,10096,3.6,26074.9,25144.9,25629.8,28817.9,27390.1,0,1.04,25948.9
2023-07-01,2023,7,Coimbatore,Wheat,10117,4.0,25948.9,24665.3,25747.7,26730.6,25619.1,0,0.965,24101.9
2023-08-01,2023,8,Coimbatore,Wheat,10064,3.8,24101.9,22872.3,25375.2,19359.1,25045.3,0,0.954,23863.2
2023-09-01,2023,9,Coimbatore,Wheat,10082,3.4,23863.2,23470.4,24638.0,21457.2,25225.1,0,0.95,24494.9
2023-10-01,2023,10,Coimbatore,Wheat,9959,3.9,24494.9,24212.5,24153.3,30024.0,29779.0,1,1.18,28647.1
2023-11-01,2023,11,Coimbatore,Wheat,10042,3.9,28647.1,27115.7,25668.4,31835.2,30862.7,1,1.18,29669.4
2023-12-01,2023,12,Coimbatore,Wheat,9982,3.9,29669.4,28528.4,27603.8,18429.6,25258.7,0,0.98,23775.0
2024-01-01,2024,1,Coimbatore,Wheat,10274,4.1,23775.0,22547.8,27363.8,30487.5,29492.4,1,1.08,27951.7
2024-02-01,2024,2,Coimbatore,Wheat,10311,3.8,27951.7,26562.3,27132.0,24082.2,26246.7,0,1.006,25645.9
2024-03-01,2024,3,Coimbatore,Wheat,10325,3.8,25645.9,25308.2,25790.9,20021.2,26699.0,0,1.01,26111.6
2024-04-01,2024,4,Coimbatore,Wheat,10192,3.8,26111.6,25833.0,26569.7,23397.8,27728.6,0,1.006,25864.4
2024-05-01,2024,5,Coimbatore,Wheat,10392,3.8,25864.4,24979.3,25874.0,27702.1,28504.8,0,1.04,27618.0
2024-06-01,2024,6,Coimbatore,Wheat,10239,3.8,27618.0,27300.3,26531.3,28657.1,27500.0,0,1.04,26274.9
2024-07-01,2024,7,Coimbatore,Wheat,10332,3.9,26274.9,24931.1,26585.8,24451.7,26246.7,0,0.965,25000.9
2024-08-01,2024,8,Coimbatore,Wheat,10307,3.7,25000.9,24587.0,26297.9,24869.1,26483.2,0,0.954,24615.9
2024-09-01,2024,9,Coimbatore,Wheat,10321,3.6,24615.9,23971.6,25297.2,25212.7,25981.4,0,0.95,25313.2
2024-10-01,2024,10,Coimbatore,Wheat,10233,4.0,25313.2,25059.3,24976.7,28688.2,32045.6,1,1.18,30035.0
2024-11-01,2024,11,Coimbatore,Wheat,10278,3.9,30035.0,29341.9,26654.7,32377.1,33166.8,1,1.18,31041.4
2024-12-01,2024,12,Coimbatore,Wheat,10229,4.0,31041.4,30417.2,28796.5,23559.4,25608.4,0,0.98,24930.0
2022-01-01,2022,1,Coimbatore,Sugar,9746,3.6,12319.6,12068.2,12319.6,11337.9,13115.5,1,1.25,12571.0
2022-02-01,2022,2,Coimbatore,Sugar,9758,3.6,12571.0,11966.0,12403.4,9422.5,9935.0,0,1.006,9698.4
2022-03-01,2022,3,Coimbatore,Sugar,9766,4.1,9698.4,9440.5,11529.7,9208.8,10571.7,0,1.01,10057.3
2022-04-01,2022,4,Coimbatore,Sugar,9784,3.6,10057.3,9466.8,10775.6,9169.4,9959.9,0,1.006,9540.8
2022-05-01,2022,5,Coimbatore,Sugar,9867,3.9,9540.8,9222.9,9765.5,7353.8,11186.7,0,1.04,10383.7
2022-06-01,2022,6,Coimbatore,Sugar,9841,3.8,10383.7,9862.3,9993.9,7500.2,11094.9,0,1.04,10314.9
2022-07-01,2022,7,Coimbatore,Sugar,9763,3.8,10314.9,10177.9,10079.8,7630.3,9439.9,0,0.965,9102.3
2022-08-01,2022,8,Coimbatore,Sugar,9795,3.5,9102.3,8921.6,9933.6,9628.5,9952.1,0,0.954,9418.8
2022-09-01,2022,9,Coimbatore,Sugar,9751,3.8,9418.8,8982.1,9612.0,8769.0,9654.7,0,0.95,9365.4
2022-10-01,2022,10,Coimbatore,Sugar,9752,3.8,9365.4,9135.5,9295.5,12797.1,11691.4,1,1.18,11291.7
2022-11-01,2022,11,Coimbatore,Sugar,9810,4.0,11291.7,10887.2,10025.3,11265.1,12499.3,1,1.18,11604.8
2022-12-01,2022,12,Coimbatore,Sugar,9778,3.8,11604.8,11383.8,10754.0,9417.3,9975.4,0,0.98,9659.3
2023-01-01,2023,1,Coimbatore,Sugar,9984,3.7,9659.3,9278.3,10851.9,10956.0,13153.8,1,1.25,12300.7
2023-02-01,2023,2,Coimbatore,Sugar,10088,3.8,12300.7,11973.2,11188.3,9629.7,10460.2,0,1.006,9989.6
2023-03-01,2023,3,Coimbatore,Sugar,10076,3.9,9989.6,9474.1,10649.9,10026.3,10356.2,0,1.01,10139.0
2023-04-01,2023,4,Coimbatore,Sugar,10038,3.6,10139.0,9838.4,10809.8,9822.3,10593.3,0,1.006,10152.1
2023-05-01,2023,5,Coimbatore,Sugar,10005,4.0,10152.1,9795.1,10093.6,12325.1,11416.2,0,1.04,10754.3
2023-06-01,2023,6,Coimbatore,Sugar,10017,3.8,10754.3,10178.1,10348.5,8486.0,10870.2,0,1.04,10306.4
2023-07-01,2023,7,Coimbatore,Sugar,10016,3.6,10306.4,9728.9,10404.3,8906.2,9770.4,0,0.965,9539.9
2023-08-01,2023,8,Coimbatore,Sugar,9985,3.7,9539.9,8999.8,10200.2,10587.2,10165.7,0,0.954,9659.5
2023-09-01,2023,9,Coimbatore,Sugar,9947,3.9,9659.5,9394.3,9835.3,9660.7,10452.8,0,0.95,9681.7
2023-10-01,2023,10,Coimbatore,Sugar,9985,3.8,9681.7,9370.8,9627.0,11616.7,12477.0,1,1.18,12189.2
2023-11-01,2023,11,Coimbatore,Sugar,10071,3.7,12189.2,12041.5,10510.1,10763.4,12231.6,1,1.18,11924.0
2023-12-01,2023,12,Coimbatore,Sugar,9975,4.0,11924.0,11659.4,11265.0,10656.1,10184.0,0,0.98,9538.0
2024-01-01,2024,1,Coimbatore,Sugar,10236,3.8,9538.0,9077.6,11217.1,12851.3,13777.1,1,1.25,13105.4
2024-02-01,2024,2,Coimbatore,Sugar,10296,3.7,13105.4,12377.5,11522.5,10974.1,11158.2,0,1.006,10432.5
2024-03-01,2024,3,Coimbatore,Sugar,10251,3.6,10432.5,10176.2,11025.3,8988.3,10410.3,0,1.01,9973.3
2024-04-01,2024,4,Coimbatore,Sugar,10314,3.9,9973.3,9674.4,11170.4,11902.9,10899.4,0,1.006,10382.2
2024-05-01,2024,5,Coimbatore,Sugar,10294,3.8,10382.2,10201.3,10262.7,11585.7,11688.4,0,1.04,10902.5
2024-06-01,2024,6,Coimbatore,Sugar,10275,3.7,10902.5,10679.0,10419.3,8275.3,11105.4,0,1.04,10635.5
2024-07-01,2024,7,Coimbatore,Sugar,10291,3.8,10635.5,10366.9,10640.1,11038.4,10430.1,0,0.965,10146.5
2024-08-01,2024,8,Coimbatore,Sugar,10313,4.2,10146.5,10005.8,10561.5,7615.2,10424.1,0,0.954,9779.7
2024-09-01,2024,9,Coimbatore,Sugar,10237,3.8,9779.7,9438.7,10187.2,7308.9,9813.6,0,0.95,9606.6
2024-10-01,2024,10,Coimbatore,Sugar,10280,3.9,9606.6,9492.8,9844.3,10204.4,12701.5,1,1.18,12143.5
2024-11-01,2024,11,Coimbatore,Sugar,10243,3.8,12143.5,11722.2,10509.9,11706.9,12468.6,1,1.18,11794.3
2024-12-01,2024,12,Coimbatore,Sugar,10319,3.7,11794.3,11176.3,11181.5,7332.5,10904.8,0,0.98,10099.9
2022-01-01,2022,1,Coimbatore,Dal,9769,3.8,8207.4,8039.9,8207.4,9618.7,8798.4,1,1.08,8374.9
2022-02-01,2022,2,Coimbatore,Dal,9808,3.6,8374.9,8213.3,8263.2,7532.4,8499.0,0,1.006,8037.4
2022-03-01,2022,3,Coimbatore,Dal,9733,3.8,8037.4,7726.4,8206.6,7911.6,8215.1,0,1.01,7680.2
2022-04-01,2022,4,Coimbatore,Dal,9711,3.8,7680.2,7514.8,8030.8,5518.9,8168.7,0,1.006,7788.0
2022-05-01,2022,5,Coimbatore,Dal,9773,3.9,7788.0,7421.9,7835.2,6379.9,8054.2,0,1.04,7890.6
2022-06-01,2022,6,Coimbatore,Dal,9808,3.7,7890.6,7802.2,7786.3,7376.1,8586.4,0,1.04,8155.2
2022-07-01,2022,7,Coimbatore,Dal,9798,3.7,8155.2,8010.2,7944.6,6853.8,7978.6,0,0.965,7497.0
2022-08-01,2022,8,Coimbatore,Dal,9756,3.7,7497.0,7188.1,7847.6,7827.8,7583.8,0,0.954,7106.9
2022-09-01,2022,9,Coimbatore,Dal,9767,4.0,7106.9,7020.0,7586.4,7907.9,7591.7,0,0.95,7333.0
2022-10-01,2022,10,Coimbatore,Dal,9889,3.8,7333.0,6907.1,7312.3,9475.9,10060.8,1,1.18,9507.2
2022-11-01,2022,11,Coimbatore,Dal,9863,4.0,9507.2,9362.3,7982.4,9613.3,9586.9,1,1.18,9316.6
2022-12-01,2022,12,Coimbatore,Dal,9763,3.8,9316.6,8996.2,8718.9,7839.3,7860.4,0,0.98,7668.0
2023-01-01,2023,1,Coimbatore,Dal,9978,3.7,7668.0,7235.6,8830.6,6915.3,9354.9,1,1.08,8828.0
2023-02-01,2023,2,Coimbatore,Dal,10012,3.8,8828.0,8375.2,8604.2,6507.8,8466.6,0,1.006,7943.4
2023-03-01,2023,3,Coimbatore,Dal,10093,3.7,7943.4,7475.1,8146.5,5979.0,8179.4,0,1.01,7923.2
2023-04-01,2023,4,Coimbatore,Dal,10118,3.9,7923.2,7691.5,8231.5,5997.0,8774.5,0,1.006,8342.2
2023-05-01,2023,5,Coimbatore,Dal,10013,3.9,8342.2,8245.6,8069.6,8645.8,8798.6,0,1.04,8340.3
2023-06-01,2023,6,Coimbatore,Dal,10058,3.7,8340.3,8178.4,8201.9,9419.9,8768.0,0,1.04,8428.4
2023-07-01,2023,7,Coimbatore,Dal,9993,3.5,8428.4,8017.4,8370.3,6492.3,8647.0,0,0.965,8031.9
2023-08-01,2023,8,Coimbatore,Dal,9990,3.8,8031.9,7598.8,8266.9,6297.3,8045.9,0,0.954,7599.4
2023-09-01,2023,9,Coimbatore,Dal,10036,3.8,7599.4,7453.5,8019.9,7800.5,8124.6,0,0.95,7589.4
2023-10-01,2023,10,Coimbatore,Dal,10123,3.6,7589.4,7428.7,7740.2,11033.4,10160.9,1,1.18,9652.2
2023-11-01,2023,11,Coimbatore,Dal,10064,3.7,9652.2,9525.5,8280.3,10136.2,9873.3,1,1.18,9400.0
2023-12-01,2023,12,Coimbatore,Dal,10073,4.1,9400.0,9180.4,8880.5,6727.1,8474.5,0,0.98,8067.1
2024-01-01,2024,1,Coimbatore,Dal,10326,3.9,8067.1,7811.0,9039.8,8307.1,9422.7,1,1.08,9151.8
2024-02-01,2024,2,Coimbatore,Dal,10322,3.9,9151.8,8607.0,8873.0,6071.0,8801.2,0,1.006,8153.0
2024-03-01,2024,3,Coimbatore,Dal,10261,3.9,8153.0,7827.5,8457.3,6722.4,9055.8,0,1.01,8567.8
2024-04-01,2024,4,Coimbatore,Dal,10309,3.8,8567.8,8206.0,8624.2,8900.3,8711.3,0,1.006,8537.9
2024-05-01,2024,5,Coimbatore,Dal,10251,3.9,8537.9,8040.7,8419.6,6525.8,8845.3,0,1.04,8508.2
2024-06-01,2024,6,Coimbatore,Dal,10310,3.7,8508.2,8127.7,8538.0,9030.6,8739.1,0,1.04,8218.7
2024-07-01,2024,7,Coimbatore,Dal,10220,3.5,8218.7,7969.3,8421.6,5674.5,8166.6,0,0.965,7649.1
2024-08-01,2024,8,Coimbatore,Dal,10351,4.1,7649.1,7415.1,8125.3,7547.0,8040.9,0,0.954,7853.3
2024-09-01,2024,9,Coimbatore,Dal,10391,4.0,7853.3,7602.6,7907.0,8633.3,8350.5,0,0.95,8058.9
2024-10-01,2024,10,Coimbatore,Dal,10319,4.0,8058.9,7776.1,7853.8,10142.2,10215.1,1,1.18,9614.6
2024-11-01,2024,11,Coimbatore,Dal,10234,3.8,9614.6,9286.4,8508.9,7611.0,9763.5,1,1.18,9522.4
2024-12-01,2024,12,Coimbatore,Dal,10198,3.8,9522.4,9235.9,9065.3,7976.5,8453.7,0,0.98,8087.5
2022-01-01,2022,1,Madurai,Rice,8190,3.7,49790.4,48774.2,49790.4,49002.7,53565.9,1,1.25,50806.5
2022-02-01,2022,2,Madurai,Rice,8244,3.6,50806.5,48226.7,50129.1,28785.6,41366.0,0,1.006,40492.5
2022-03-01,2022,3,Madurai,Rice,8205,3.5,40492.5,39746.8,47029.8,37255.3,43186.0,0,1.01,41703.1
2022-04-01,2022,4,Madurai,Rice,8193,3.7,41703.1,41020.7,44334.0,37643.9,44372.5,0,1.006,41541.1
2022-05-01,2022,5,Madurai,Rice,8198,4.1,41541.1,40051.8,41245.6,33981.9,46950.0,0,1.04,44046.0
2022-06-01,2022,6,Madurai,Rice,8181,3.9,44046.0,42747.1,42430.1,47540.3,44552.0,0,1.04,42053.3
2022-07-01,2022,7,Madurai,Rice,8195,3.8,42053.3,39675.1,42546.8,31554.9,41735.8,0,0.965,38846.6
2022-08-01,2022,8,Madurai,Rice,8166,3.8,38846.6,37044.0,41648.6,29303.7,42849.9,0,0.954,40174.2
2022-09-01,2022,9,Madurai,Rice,8100,3.9,40174.2,38743.1,40358.0,38991.5,39874.0,0,0.95,39042.0
2022-10-01,2022,10,Madurai,Rice,8188,3.9,39042.0,38580.1,39354.3,40088.2,46165.0,1,1.1,45121.1
2022-11-01,2022,11,Madurai,Rice,8232,3.6,45121.1,43000.8,41445.8,51799.4,47720.3,1,1.1,45541.8
2022-12-01,2022,12,Madurai,Rice,8144,3.7,45541.8,44195.0,43235.0,31778.4,40806.9,0,0.98,39654.0
2023-01-01,2023,1,Madurai,Rice,8413,4.0,39654.0,37772.4,43439.0,52814.5,55201.8,1,1.25,51513.0
2023-02-01,2023,2,Madurai,Rice,8407,3.9,51513.0,48596.5,45569.6,39709.8,44909.6,0,1.006,43818.4
2023-03-01,2023,3,Madurai,Rice,8422,3.9,43818.4,42251.2,44995.1,38310.4,42914.2,0,1.01,40521.1
2023-04-01,2023,4,Madurai,Rice,8363,4.0,40521.1,38216.0,45284.2,30463.8,44115.8,0,1.006,42113.1
2023-05-01,2023,5,Madurai,Rice,8378,3.7,42113.1,41241.9,42150.9,40285.5,45966.9,0,1.04,43145.0
2023-06-01,2023,6,Madurai,Rice,8365,3.7,43145.0,40998.3,41926.4,50237.5,46011.5,0,1.04,43942.9
2023-07-01,2023,7,Madurai,Rice,8441,3.8,43942.9,43002.5,43067.0,40400.3,41649.2,0,0.965,40580.8
2023-08-01,2023,8,Madurai,Rice,8535,4.0,40580.8,39814.0,42556.2,31865.9,43384.4,0,0.954,40250.2
2023-09-01,2023,9,Madurai,Rice,8442,3.7,40250.2,38888.4,41591.3,36534.2,44425.6,0,0.95,41601.9
2023-10-01,2023,10,Madurai,Rice,8449,3.6,41601.9,41009.3,40811.0,49232.4,49455.3,1,1.1,46578.9
2023-11-01,2023,11,Madurai,Rice,8391,3.7,46578.9,44521.9,42810.3,44222.5,47370.3,1,1.1,45268.9
2023-12-01,2023,12,Madurai,Rice,8422,3.8,45268.9,42741.7,44483.2,47073.5,43553.2,0,0.98,41466.9
2024-01-01,2024,1,Madurai,Rice,8566,3.9,41466.9,39845.0,44438.2,37638.6,54923.0,1,1.25,53337.1
2024-02-01,2024,2,Madurai,Rice,8650,4.1,53337.1,51629.7,46691.0,32154.1,46912.0,0,1.006,43703.5
2024-03-01,2024,3,Madurai,Rice,8623,3.8,43703.5,42679.7,46169.2,36765.7,46428.7,0,1.01,43692.9
2024-04-01,2024,4,Madurai,Rice,8664,3.8,43692.9,42100.7,46911.2,41247.0,46571.6,0,1.006,44717.3
2024-05-01,2024,5,Madurai,Rice,8569,3.7,44717.3,43886.1,44037.9,36606.2,46487.6,0,1.04,45307.9
2024-06-01,2024,6,Madurai,Rice,8632,3.7,45307.9,42911.0,44572.7,42763.6,45860.4,0,1.04,43064.3
2024-07-01,2024,7,Madurai,Rice,8650,3.7,43064.3,41817.4,44363.2,31841.9,44515.6,0,0.965,42073.3
2024-08-01,2024,8,Madurai,Rice,8609,4.0,42073.3,40971.4,43481.8,31260.6,41115.4,0,0.954,40144.8
2024-09-01,2024,9,Madurai,Rice,8634,3.7,40144.8,39453.8,41760.8,38834.4,44298.6,0,0.95,41726.2
2024-10-01,2024,10,Madurai,Rice,8554,4.0,41726.2,39859.6,41314.8,50024.3,49303.1,1,1.1,45808.0
2024-11-01,2024,11,Madurai,Rice,8636,4.0,45808.0,44814.1,42559.7,45598.2,50772.2,1,1.1,47887.3
2024-12-01,2024,12,Madurai,Rice,8600,3.5,47887.3,45279.8,45140.5,38048.7,43111.8,0,0.98,40221.0
2022-01-01,2022,1,Madurai,Wheat,8178,3.8,21782.7,21338.1,21782.7,24144.4,23045.2,1,1.08,22227.2
2022-02-01,2022,2,Madurai,Wheat,8207,3.8,22227.2,21218.3,21930.9,14708.1,22189.6,0,1.006,20771.1
2022-03-01,2022,3,Madurai,Wheat,8161,4.0,20771.1,20524.8,21593.7,15302.7,21860.8,0,1.01,20385.6
2022-04-01,2022,4,Madurai,Wheat,8233,3.7,20385.6,19879.7,21128.0,14636.3,21459.5,0,1.006,20743.6
2022-05-01,2022,5,Madurai,Wheat,8232,3.6,20743.6,19985.2,20633.4,15120.5,22305.5,0,1.04,20952.2
2022-06-01,2022,6,Madurai,Wheat,8156,3.9,20952.2,20640.9,20693.8,23778.8,22787.0,0,1.04,21586.9
2022-07-01,2022,7,Madurai,Wheat,8195,3.8,21586.9,20491.7,21094.2,21265.5,20269.7,0,0.965,19798.1
2022-08-01,2022,8,Madurai,Wheat,8247,3.8,19798.1,19203.1,20779.1,21825.4,21311.7,0,0.954,19922.0
2022-09-01,2022,9,Madurai,Wheat,8089,3.9,19922.0,19296.2,20435.7,18407.7,20219.7,0,0.95,18960.1
2022-10-01,2022,10,Madurai,Wheat,8124,4.1,18960.1,18668.6,19560.1,22641.8,24788.5,1,1.18,23432.3
2022-11-01,2022,11,Madurai,Wheat,8203,3.6,23432.3,22849.6,20771.5,23923.3,25266.0,1,1.18,24079.8
2022-12-01,2022,12,Madurai,Wheat,8165,4.0,24079.8,23779.4,22157.4,19952.1,21268.9,0,0.98,20248.8
2023-01-01,2023,1,Madurai,Wheat,8374,3.6,20248.8,19105.7,22587.0,18415.2,22967.5,1,1.08,22333.2
2023-02-01,2023,2,Madurai,Wheat,8403,3.8,22333.2,22078.1,22220.6,19749.6,20902.6,0,1.006,20259.1
2023-03-01,2023,3,Madurai,Wheat,8408,3.6,20259.1,19327.9,20947.0,20200.5,22536.9,0,1.01,21098.9
2023-04-01,2023,4,Madurai,Wheat,8374,3.9,21098.9,20373.8,21230.4,15511.3,21903.7,0,1.006,20984.2
2023-05-01,2023,5,Madurai,Wheat,8391,3.7,20984.2,20372.6,20780.7,22643.0,23391.8,0,1.04,22286.1
2023-06-01,2023,6,Madurai,Wheat,8405,3.7,22286.1,22055.2,21456.4,19191.3,22509.6,0,1.04,21567.6
2023-07-01,2023,7,Madurai,Wheat,8415,3.9,21567.6,20716.8,21612.6,22210.5,21024.1,0,0.965,19659.2
2023-08-01,2023,8,Madurai,Wheat,8441,3.8,19659.2,19286.9,21171.0,14943.7,21101.6,0,0.954,19884.7
2023-09-01,2023,9,Madurai,Wheat,8316,3.7,19884.7,19073.2,20370.5,14395.4,20946.9,0,0.95,19667.1
2023-10-01,2023,10,Madurai,Wheat,8364,3.9,19667.1,18565.9,19737.0,24723.5,26069.0,1,1.18,24590.7
2023-11-01,2023,11,Madurai,Wheat,8400,3.8,24590.7,23560.3,21380.8,27472.3,26557.3,1,1.18,25131.0
2023-12-01,2023,12,Madurai,Wheat,8414,3.8,25131.0,24532.8,23129.6,14322.0,20886.5,0,0.98,20307.2
2024-01-01,2024,1,Madurai,Wheat,8604,3.5,20307.2,19517.3,23343.0,21859.0,23605.0,1,1.08,22975.9
2024-02-01,2024,2,Madurai,Wheat,8613,3.9,22975.9,21991.6,22804.7,22477.2,23790.7,0,1.006,22219.0
2024-03-01,2024,3,Madurai,Wheat,8561,3.9,22219.0,21363.5,21834.0,23356.0,23080.7,0,1.01,22049.1
2024-04-01,2024,4,Madurai,Wheat,8582,3.5,22049.1,21632.8,22414.7,18453.9,22453.3,0,1.006,21284.1
2024-05-01,2024,5,Madurai,Wheat,8652,4.0,21284.1,20646.7,21850.7,16815.0,23012.9,0,1.04,22004.4
2024-06-01,2024,6,Madurai,Wheat,8593,3.7,22004.4,21663.4,21779.2,21941.8,22626.4,0,1.04,22149.6
2024-07-01,2024,7,Madurai,Wheat,8586,3.8,22149.6,21526.0,21812.7,19467.9,21229.8,0,0.965,20016.3
2024-08-01,2024,8,Madurai,Wheat,8576,4.1,20016.3,19180.2,21390.1,18613.8,20841.3,0,0.954,20265.1
2024-09-01,2024,9,Madurai,Wheat,8632,3.8,20265.1,19077.1,20810.3,17773.6,20766.3,0,0.95,20322.1
2024-10-01,2024,10,Madurai,Wheat,8605,3.5,20322.1,19265.4,20201.2,18960.4,27069.8,1,1.18,25204.5
2024-11-01,2024,11,Madurai,Wheat,8638,3.7,25204.5,24896.9,21930.6,21640.7,28141.4,1,1.18,26080.0
2024-12-01,2024,12,Madurai,Wheat,8625,3.6,26080.0,25768.5,23868.9,19347.4,21331.9,0,0.98,20503.1
2022-01-01,2022,1,Madurai,Sugar,8271,4.1,10261.3,10051.9,10261.3,8754.0,10956.8,1,1.25,10470.7
2022-02-01,2022,2,Madurai,Sugar,8220,3.6,10470.7,9978.2,10331.1,7727.7,8759.8,0,1.006,8126.1
2022-03-01,2022,3,Madurai,Sugar,8156,3.8,8126.1,7779.6,9619.4,7556.7,9002.6,0,1.01,8579.3
2022-04-01,2022,4,Madurai,Sugar,8162,3.8,8579.3,8490.9,9058.7,8185.5,8811.2,0,1.006,8358.5
2022-05-01,2022,5,Madurai,Sugar,8180,3.8,8358.5,7941.1,8354.6,10155.7,9258.6,0,1.04,8957.1
2022-06-01,2022,6,Madurai,Sugar,8138,3.8,8957.1,8827.0,8631.6,6649.3,9395.7,0,1.04,8763.0
2022-07-01,2022,7,Madurai,Sugar,8211,3.7,8763.0,8583.6,8692.9,6152.6,8636.9,0,0.965,8022.1
2022-08-01,2022,8,Madurai,Sugar,8184,3.8,8022.1,7726.4,8580.7,7592.7,8433.8,0,0.954,7868.7
2022-09-01,2022,9,Madurai,Sugar,8162,3.7,7868.7,7544.2,8217.9,7060.4,8049.8,0,0.95,7661.5
2022-10-01,2022,10,Madurai,Sugar,8256,4.0,7661.5,7423.0,7850.8,9270.8,10313.8,1,1.18,9676.4
2022-11-01,2022,11,Madurai,Sugar,8191,3.8,9676.4,9558.4,8402.2,10608.7,10309.5,1,1.18,9627.7
2022-12-01,2022,12,Madurai,Sugar,8246,3.8,9627.7,9080.1,8988.5,8094.6,8660.6,0,0.98,8243.3
2023-01-01,2023,1,Madurai,Sugar,8404,3.7,8243.3,8130.5,9182.5,8168.6,11402.3,1,1.25,10741.2
2023-02-01,2023,2,Madurai,Sugar,8443,4.0,10741.2,10257.5,9537.4,6679.0,8711.8,0,1.006,8403.2
2023-03-01,2023,3,Madurai,Sugar,8444,3.9,8403.2,8301.3,9129.2,6612.6,9209.5,0,1.01,8652.1
2023-04-01,2023,4,Madurai,Sugar,8426,3.9,8652.1,8458.9,9265.5,9376.8,9249.3,0,1.006,8676.9
2023-05-01,2023,5,Madurai,Sugar,8403,3.7,8676.9,8422.5,8577.4,6356.2,9097.6,0,1.04,8710.6
2023-06-01,2023,6,Madurai,Sugar,8374,3.8,8710.6,8339.9,8679.9,6362.5,9353.1,0,1.04,8685.5
2023-07-01,2023,7,Madurai,Sugar,8327,3.8,8685.5,8579.2,8691.0,8181.9,8579.5,0,0.965,8035.7
2023-08-01,2023,8,Madurai,Sugar,8371,3.8,8035.7,7573.7,8477.3,6334.2,8169.7,0,0.954,7872.8
2023-09-01,2023,9,Madurai,Sugar,8439,3.8,7872.8,7511.0,8198.0,7880.6,8242.2,0,0.95,7974.6
2023-10-01,2023,10,Madurai,Sugar,8322,3.6,7974.6,7886.5,7961.0,7595.7,10648.3,1,1.18,10056.3
2023-11-01,2023,11,Madurai,Sugar,8281,3.8,10056.3,9899.8,8634.6,10196.2,10369.6,1,1.18,10123.5
2023-12-01,2023,12,Madurai,Sugar,8455,3.9,10123.5,9638.5,9384.8,7948.2,8950.3,0,0.98,8378.6
2024-01-01,2024,1,Madurai,Sugar,8626,3.7,8378.6,8093.8,9519.5,8192.9,11176.4,1,1.25,10777.0
2024-02-01,2024,2,Madurai,Sugar,8537,3.7,10777.0,10469.6,9759.7,8746.5,8904.9,0,1.006,8590.7
2024-03-01,2024,3,Madurai,Sugar,8643,3.7,8590.7,8102.2,9248.8,7078.3,8973.0,0,1.01,8614.5
2024-04-01,2024,4,Madurai,Sugar,8597,4.0,8614.5,8460.6,9327.4,7639.4,9160.9,0,1.006,8533.6
2024-05-01,2024,5,Madurai,Sugar,8626,3.8,8533.6,8409.8,8579.6,7886.3,9466.3,0,1.04,9018.7
2024-06-01,2024,6,Madurai,Sugar,8586,3.9,9018.7,8762.9,8722.3,9966.9,9310.5,0,1.04,8783.6
2024-07-01,2024,7,Madurai,Sugar,8613,3.8,8783.6,8590.8,8778.6,8125.7,8758.2,0,0.965,8208.9
2024-08-01,2024,8,Madurai,Sugar,8597,3.9,8208.9,7736.1,8670.4,7319.9,8590.5,0,0.954,8181.2
2024-09-01,2024,9,Madurai,Sugar,8587,3.6,8181.2,7877.6,8391.2,7165.7,8608.1,0,0.95,8074.7
2024-10-01,2024,10,Madurai,Sugar,8603,3.7,8074.7,7922.2,8154.9,9352.9,10858.7,1,1.18,10249.5
2024-11-01,2024,11,Madurai,Sugar,8637,3.6,10249.5,10085.6,8835.1,9808.2,10153.4,1,1.18,9875.0
2024-12-01,2024,12,Madurai,Sugar,8643,4.0,9875.0,9647.2,9399.7,8410.8,8598.4,0,0.98,8238.3
2022-01-01,2022,1,Madurai,Dal,8186,3.9,6855.8,6715.9,6855.8,6521.0,7182.4,1,1.08,6995.7
2022-02-01,2022,2,Madurai,Dal,8193,3.6,6995.7,6669.6,6902.4,4871.5,6580.5,0,1.006,6444.1
2022-03-01,2022,3,Madurai,Dal,8094,3.8,6444.1,6190.7,6765.2,6230.6,6996.7,0,1.01,6855.5
2022-04-01,2022,4,Madurai,Dal,8232,4.1,6855.5,6774.4,6765.1,6974.9,6911.2,0,1.006,6653.6
2022-05-01,2022,5,Madurai,Dal,8217,3.8,6653.6,6511.5,6651.1,5678.0,7117.0,0,1.04,6928.5
2022-06-01,2022,6,Madurai,Dal,8224,3.9,6928.5,6518.9,6812.5,5774.5,7085.1,0,1.04,6740.8
2022-07-01,2022,7,Madurai,Dal,8206,3.8,6740.8,6461.6,6774.3,5760.1,6781.8,0,0.965,6357.0
2022-08-01,2022,8,Madurai,Dal,8210,3.7,6357.0,6102.1,6675.4,5063.3,6453.9,0,0.954,6243.5
2022-09-01,2022,9,Madurai,Dal,8192,4.0,6243.5,6020.0,6447.1,4571.9,6712.9,0,0.95,6228.5
2022-10-01,2022,10,Madurai,Dal,8209,3.7,6228.5,5968.7,6276.3,7504.1,7874.4,1,1.18,7656.6
2022-11-01,2022,11,Madurai,Dal,8154,3.8,7656.6,7496.3,6709.5,7800.2,8110.6,1,1.18,7774.1
2022-12-01,2022,12,Madurai,Dal,8246,3.9,7774.1,7408.7,7219.7,5864.8,6675.1,0,0.98,6434.3
2023-01-01,2023,1,Madurai,Dal,8391,3.8,6434.3,6334.6,7288.3,8063.1,7328.7,1,1.08,7128.7
2023-02-01,2023,2,Madurai,Dal,8490,3.8,7128.7,6889.8,7112.4,4854.1,7012.2,0,1.006,6610.4
2023-03-01,2023,3,Madurai,Dal,8397,4.0,6610.4,6304.6,6724.5,5022.9,6631.4,0,1.01,6484.6
2023-04-01,2023,4,Madurai,Dal,8467,3.9,6484.6,6240.0,6741.2,7772.8,7101.7,0,1.006,6864.7
2023-05-01,2023,5,Madurai,Dal,8339,3.9,6864.7,6520.4,6653.2,7074.9,7394.9,0,1.04,7218.9
2023-06-01,2023,6,Madurai,Dal,8349,3.9,7218.9,7139.9,6856.1,7721.5,7376.9,0,1.04,6865.6
2023-07-01,2023,7,Madurai,Dal,8422,3.8,6865.6,6783.3,6983.1,6567.6,6730.4,0,0.965,6418.4
2023-08-01,2023,8,Madurai,Dal,8425,4.0,6418.4,6112.7,6834.3,6280.4,6777.1,0,0.954,6581.2
2023-09-01,2023,9,Madurai,Dal,8392,3.8,6581.2,6440.2,6621.7,6725.9,6462.8,0,0.95,6218.4
2023-10-01,2023,10,Madurai,Dal,8429,3.8,6218.4,6071.9,6406.0,7164.5,7988.1,1,1.18,7818.1
2023-11-01,2023,11,Madurai,Dal,8390,3.7,7818.1,7608.0,6872.6,5789.0,8677.8,1,1.18,8038.0
2023-12-01,2023,12,Madurai,Dal,8397,3.6,8038.0,7861.6,7358.2,7094.1,6788.0,0,0.98,6372.2
2024-01-01,2024,1,Madurai,Dal,8533,4.0,6372.2,6292.8,7409.4,6263.5,7663.1,1,1.08,7271.6
2024-02-01,2024,2,Madurai,Dal,8642,3.7,7271.6,7074.0,7227.3,5125.1,7387.8,0,1.006,6871.8
2024-03-01,2024,3,Madurai,Dal,8593,3.9,6871.8,6633.3,6838.5,6686.7,7279.2,0,1.01,6957.8
2024-04-01,2024,4,Madurai,Dal,8633,3.7,6957.8,6720.1,7033.7,7805.5,7372.4,0,1.006,7080.8
2024-05-01,2024,5,Madurai,Dal,8602,3.9,7080.8,6991.0,6970.1,5654.5,7494.5,0,1.04,7138.6
2024-06-01,2024,6,Madurai,Dal,8671,3.7,7138.6,6921.3,7059.1,5604.8,7570.0,0,1.04,7066.2
2024-07-01,2024,7,Madurai,Dal,8503,3.8,7066.2,6667.4,7095.2,6702.0,6886.1,0,0.965,6621.7
2024-08-01,2024,8,Madurai,Dal,8626,3.7,6621.7,6479.7,6942.2,6258.0,7120.8,0,0.954,6639.1
2024-09-01,2024,9,Madurai,Dal,8589,3.8,6639.1,6334.5,6775.7,5833.2,6704.5,0,0.95,6573.0
2024-10-01,2024,10,Madurai,Dal,8590,3.7,6573.0,6350.3,6611.3,6383.7,8246.7,1,1.18,7943.0
2024-11-01,2024,11,Madurai,Dal,8637,3.6,7943.0,7467.0,7051.7,6909.7,8636.7,1,1.18,8262.0
2024-12-01,2024,12,Madurai,Dal,8628,3.9,8262.0,7900.7,7592.7,5932.2,7054.2,0,0.98,6842.8
2022-01-01,2022,1,Salem,Rice,6879,4.0,43599.2,42709.4,43599.2,42043.2,45588.2,1,1.25,44489.0
2022-02-01,2022,2,Salem,Rice,6933,3.9,44489.0,43397.5,43895.8,38905.3,36372.2,0,1.006,34475.2
2022-03-01,2022,3,Salem,Rice,6922,3.6,34475.2,32479.8,40854.5,26630.6,38030.7,0,1.01,35691.5
2022-04-01,2022,4,Salem,Rice,6865,3.5,35691.5,34467.0,38218.6,37145.9,37270.5,0,1.006,34638.8
2022-05-01,2022,5,Salem,Rice,6888,4.1,34638.8,33768.0,34935.2,39140.2,38275.9,0,1.04,35982.4
2022-06-01,2022,6,Salem,Rice,6917,3.7,35982.4,34316.5,35437.6,30940.6,37837.4,0,1.04,36356.9
2022-07-01,2022,7,Salem,Rice,6915,3.9,36356.9,35954.3,35659.4,31088.3,36257.0,0,0.965,33670.3
2022-08-01,2022,8,Salem,Rice,6957,3.9,33670.3,32290.7,35336.5,28659.9,34934.1,0,0.954,32830.7
2022-09-01,2022,9,Salem,Rice,6847,3.7,32830.7,30902.2,34286.0,37576.7,34849.7,0,0.95,33102.4
2022-10-01,2022,10,Salem,Rice,6919,4.1,33102.4,31201.8,33201.1,29731.5,40817.8,1,1.1,38084.9
2022-11-01,2022,11,Salem,Rice,6825,4.0,38084.9,37323.2,34672.7,40603.4,38568.6,1,1.1,37178.0
2022-12-01,2022,12,Salem,Rice,6870,3.7,37178.0,36197.8,36121.8,32722.7,36148.1,0,0.98,34182.8
2023-01-01,2023,1,Salem,Rice,7059,3.8,34182.8,33555.3,36481.9,36544.5,44185.7,1,1.25,42551.4
2023-02-01,2023,2,Salem,Rice,7086,4.0,42551.4,41320.2,37970.7,25593.2,36573.3,0,1.006,35022.8
2023-03-01,2023,3,Salem,Rice,7054,3.5,35022.8,34293.9,37252.3,30239.2,35642.0,0,1.01,34827.2
2023-04-01,2023,4,Salem,Rice,7115,4.0,34827.2,34382.2,37467.1,28904.1,38729.5,0,1.006,36608.5
2023-05-01,2023,5,Salem,Rice,7058,3.8,36608.5,35177.7,35486.2,41075.4,37647.1,0,1.04,35994.2
2023-06-01,2023,6,Salem,Rice,7039,3.6,35994.2,33956.0,35810.0,27530.8,39527.8,0,1.04,36659.5
2023-07-01,2023,7,Salem,Rice,7103,4.0,36659.5,35199.7,36420.7,27029.8,34454.1,0,0.965,33006.5
2023-08-01,2023,8,Salem,Rice,7040,3.5,33006.5,31365.0,35220.1,33346.1,34743.1,0,0.954,33495.5
2023-09-01,2023,9,Salem,Rice,7047,3.8,33495.5,33107.9,34387.2,32466.4,34959.4,0,0.95,33107.3
2023-10-01,2023,10,Salem,Rice,7063,4.0,33107.3,32194.4,33203.1,33324.7,41877.4,1,1.1,39634.1
2023-11-01,2023,11,Salem,Rice,7107,3.8,39634.1,37793.3,35412.3,38113.2,40790.5,1,1.1,39519.6
2023-12-01,2023,12,Salem,Rice,7084,3.7,39519.6,38533.9,37420.3,34536.2,36639.5,0,0.98,35888.6
2024-01-01,2024,1,Salem,Rice,7264,3.8,35888.6,34189.5,38347.4,46541.9,47874.5,1,1.25,46420.9
2024-02-01,2024,2,Salem,Rice,7233,3.7,46420.9,45903.3,40609.7,40325.6,38633.4,0,1.006,36278.8
2024-03-01,2024,3,Salem,Rice,7229,3.6,36278.8,34889.4,39529.4,30563.8,39985.2,0,1.01,37783.9
2024-04-01,2024,4,Salem,Rice,7292,3.9,37783.9,36865.9,40161.2,30112.3,37867.2,0,1.006,37094.7
2024-05-01,2024,5,Salem,Rice,7213,3.7,37094.7,35266.7,37052.5,36447.0,39853.1,0,1.04,37457.2
2024-06-01,2024,6,Salem,Rice,7220,3.9,37457.2,36470.0,37445.3,42419.2,40512.1,0,1.04,37883.8
2024-07-01,2024,7,Salem,Rice,7261,3.6,37883.8,36641.7,37478.6,26048.4,37471.3,0,0.965,35643.3
2024-08-01,2024,8,Salem,Rice,7275,3.8,35643.3,34166.1,36994.8,28926.9,37077.2,0,0.954,35234.4
2024-09-01,2024,9,Salem,Rice,7255,3.9,35234.4,33769.4,36253.8,27845.5,36285.3,0,0.95,34302.1
2024-10-01,2024,10,Salem,Rice,7295,3.6,34302.1,33453.9,35059.9,43158.8,40758.4,1,1.1,38489.1
2024-11-01,2024,11,Salem,Rice,7226,3.9,38489.1,36302.9,36008.5,36524.3,40936.3,1,1.1,39435.3
2024-12-01,2024,12,Salem,Rice,7243,3.9,39435.3,37179.9,37408.8,37040.0,36412.9,0,0.98,35479.0
2022-01-01,2022,1,Salem,Wheat,6856,3.9,18039.7,17671.6,18039.7,14423.3,18853.9,1,1.08,18407.9
2022-02-01,2022,2,Salem,Wheat,6890,3.8,18407.9,17914.8,18162.4,13033.6,18447.6,0,1.006,17385.2
2022-03-01,2022,3,Salem,Wheat,6862,3.7,17385.2,16593.5,17944.3,15765.1,19108.4,0,1.01,18348.5
2022-04-01,2022,4,Salem,Wheat,6942,3.7,18348.5,18007.7,18047.2,20103.2,19142.6,0,1.006,17809.9
2022-05-01,2022,5,Salem,Wheat,6902,3.5,17809.9,17032.3,17847.9,16548.2,18813.0,0,1.04,17862.7
2022-06-01,2022,6,Salem,Wheat,6870,3.9,17862.7,16964.1,18007.0,19734.8,19441.1,0,1.04,18164.6
2022-07-01,2022,7,Salem,Wheat,6970,3.6,18164.6,17754.4,17945.7,17182.8,17496.5,0,0.965,16974.4
2022-08-01,2022,8,Salem,Wheat,6868,3.8,16974.4,16150.8,17667.2,12503.9,17455.3,0,0.954,16952.1
2022-09-01,2022,9,Salem,Wheat,6875,3.6,16952.1,15951.2,17363.7,15826.3,17088.9,0,0.95,16257.3
2022-10-01,2022,10,Salem,Wheat,6889,3.8,16257.3,15481.3,16727.9,16041.2,20765.4,1,1.18,20081.6
2022-11-01,2022,11,Salem,Wheat,6935,4.1,20081.6,19840.5,17763.7,20074.6,20848.4,1,1.18,19809.3
2022-12-01,2022,12,Salem,Wheat,6835,3.8,19809.3,19316.2,18716.1,17807.7,17040.7,0,0.98,16311.3
2023-01-01,2023,1,Salem,Wheat,7037,3.8,16311.3,15847.6,18734.1,14252.4,19398.5,1,1.08,18648.2
2023-02-01,2023,2,Salem,Wheat,7081,3.7,18648.2,18174.6,18256.3,13740.9,18630.4,0,1.006,17350.9
2023-03-01,2023,3,Salem,Wheat,7062,3.8,17350.9,16750.4,17436.8,18951.7,19849.1,0,1.01,18766.2
2023-04-01,2023,4,Salem,Wheat,7034,4.0,18766.2,17877.9,18255.1,19146.9,18965.8,0,1.006,17736.9
2023-05-01,2023,5,Salem,Wheat,7110,3.7,17736.9,17102.9,17951.3,19746.8,19281.4,0,1.04,17998.2
2023-06-01,2023,6,Salem,Wheat,7065,3.8,17998.2,17337.9,18167.1,20028.8,19348.0,0,1.04,18112.5
2023-07-01,2023,7,Salem,Wheat,7101,3.5,18112.5,17210.0,17949.2,17967.7,17643.0,0,0.965,16923.3
2023-08-01,2023,8,Salem,Wheat,7079,3.6,16923.3,16274.7,17678.0,14447.2,17334.4,0,0.954,16651.2
2023-09-01,2023,9,Salem,Wheat,7051,3.5,16651.2,15709.3,17229.0,11996.8,18112.5,0,0.95,17046.6
2023-10-01,2023,10,Salem,Wheat,7116,3.8,17046.6,16209.3,16873.7,23235.0,22322.6,1,1.18,21878.1
2023-11-01,2023,11,Salem,Wheat,7047,3.8,21878.1,21410.8,18525.3,21782.0,22382.7,1,1.18,20978.8
2023-12-01,2023,12,Salem,Wheat,7122,3.6,20978.8,20562.4,19967.8,17105.8,18521.7,0,0.98,17468.9
2024-01-01,2024,1,Salem,Wheat,7229,3.7,17468.9,17069.1,20108.6,20447.4,21096.7,1,1.08,19634.1
2024-02-01,2024,2,Salem,Wheat,7260,3.9,19634.1,19042.3,19360.6,18088.6,19377.5,0,1.006,18372.0
2024-03-01,2024,3,Salem,Wheat,7307,3.8,18372.0,17413.4,18491.7,14667.3,18841.7,0,1.01,18137.4
2024-04-01,2024,4,Salem,Wheat,7222,3.9,18137.4,17244.1,18714.5,14205.3,19019.0,0,1.006,18106.0
2024-05-01,2024,5,Salem,Wheat,7213,4.0,18106.0,17089.3,18205.1,15580.2,20229.4,0,1.04,18945.4
2024-06-01,2024,6,Salem,Wheat,7280,3.8,18945.4,18464.5,18396.3,15996.7,20008.1,0,1.04,18908.0
2024-07-01,2024,7,Salem,Wheat,7265,3.7,18908.0,18028.3,18653.1,17651.8,18323.9,0,0.965,17689.2
2024-08-01,2024,8,Salem,Wheat,7197,3.9,17689.2,17348.6,18514.2,12891.2,17970.7,0,0.954,17425.9
2024-09-01,2024,9,Salem,Wheat,7210,3.5,17425.9,16989.3,18007.7,17244.9,17628.7,0,0.95,17243.5
2024-10-01,2024,10,Salem,Wheat,7191,3.9,17243.5,16487.4,17452.9,22596.1,22771.8,1,1.18,21089.5
2024-11-01,2024,11,Salem,Wheat,7261,3.6,21089.5,20715.0,18586.3,24982.6,23298.5,1,1.18,21744.2
2024-12-01,2024,12,Salem,Wheat,7266,3.8,21744.2,20702.1,20025.7,12513.4,18112.3,0,0.98,17622.3
2022-01-01,2022,1,Salem,Sugar,6911,4.0,8649.2,8472.7,8649.2,6235.1,9125.1,1,1.25,8825.7
2022-02-01,2022,2,Salem,Sugar,6854,4.0,8825.7,8633.5,8708.0,7517.3,7137.7,0,1.006,6981.8
2022-03-01,2022,3,Salem,Sugar,6969,4.0,6981.8,6779.2,8152.2,8105.2,7461.8,0,1.01,7073.8
2022-04-01,2022,4,Salem,Sugar,6936,4.1,7073.8,6917.0,7627.1,5547.7,7208.3,0,1.006,6908.8
2022-05-01,2022,5,Salem,Sugar,6912,3.5,6908.8,6700.4,6988.1,5269.6,7683.0,0,1.04,7278.4
2022-06-01,2022,6,Salem,Sugar,6930,4.0,7278.4,7007.2,7087.0,8288.9,7688.6,0,1.04,7376.0
2022-07-01,2022,7,Salem,Sugar,6967,3.8,7376.0,6995.2,7187.7,5283.6,7109.7,0,0.965,6859.2
2022-08-01,2022,8,Salem,Sugar,6946,3.6,6859.2,6665.8,7171.2,6040.7,7092.1,0,0.954,6676.1
2022-09-01,2022,9,Salem,Sugar,6888,3.9,6676.1,6498.4,6970.4,7160.4,7221.2,0,0.95,6747.0
2022-10-01,2022,10,Salem,Sugar,6929,3.7,6747.0,6666.3,6760.8,6673.9,9059.7,1,1.18,8676.9
2022-11-01,2022,11,Salem,Sugar,6913,3.8,8676.9,8404.7,7366.7,6108.1,8792.4,1,1.18,8443.7
2022-12-01,2022,12,Salem,Sugar,6954,3.7,8443.7,7950.5,7955.9,7449.9,7177.9,0,0.98,6794.6
2023-01-01,2023,1,Salem,Sugar,7033,3.9,6794.6,6686.9,7971.7,9446.6,9233.0,1,1.25,8901.9
2023-02-01,2023,2,Salem,Sugar,7044,3.8,8901.9,8811.7,8046.7,7673.8,7436.6,0,1.006,7096.7
2023-03-01,2023,3,Salem,Sugar,7054,3.8,7096.7,6693.0,7597.7,5639.7,7267.3,0,1.01,7095.2
2023-04-01,2023,4,Salem,Sugar,7046,3.5,7095.2,6750.9,7697.9,5470.6,7239.3,0,1.006,7055.4
2023-05-01,2023,5,Salem,Sugar,7070,3.9,7055.4,6684.0,7082.4,6244.9,7777.5,0,1.04,7481.4
2023-06-01,2023,6,Salem,Sugar,7050,3.7,7481.4,7119.5,7210.7,7270.8,7546.3,0,1.04,7246.9
2023-07-01,2023,7,Salem,Sugar,7093,3.7,7246.9,6834.8,7261.2,5225.0,7276.1,0,0.965,6788.2
2023-08-01,2023,8,Salem,Sugar,7040,3.5,6788.2,6409.0,7172.2,7109.3,7056.4,0,0.954,6696.1
2023-09-01,2023,9,Salem,Sugar,7078,4.2,6696.1,6340.3,6910.4,6226.2,7017.7,0,0.95,6771.1
2023-10-01,2023,10,Salem,Sugar,7037,3.5,6771.1,6392.7,6751.8,5978.0,8809.6,1,1.18,8238.3
2023-11-01,2023,11,Salem,Sugar,7132,3.8,8238.3,7916.4,7235.2,9491.9,9305.4,1,1.18,8724.2
2023-12-01,2023,12,Salem,Sugar,7100,4.0,8724.2,8337.7,7911.2,7676.7,7530.7,0,0.98,6977.0
2024-01-01,2024,1,Salem,Sugar,7243,3.6,6977.0,6688.0,7979.8,9742.6,9487.4,1,1.25,9044.3
2024-02-01,2024,2,Salem,Sugar,7303,3.8,9044.3,8665.1,8248.5,6783.7,7799.4,0,1.006,7501.6
2024-03-01,2024,3,Salem,Sugar,7236,3.8,7501.6,7337.5,7841.0,7511.9,7961.3,0,1.01,7586.7
2024-04-01,2024,4,Salem,Sugar,7301,3.5,7586.7,7218.7,8044.2,5704.9,7917.7,0,1.006,7471.6
2024-05-01,2024,5,Salem,Sugar,7224,3.7,7471.6,7236.6,7520.0,6149.3,7937.7,0,1.04,7421.6
2024-06-01,2024,6,Salem,Sugar,7226,3.8,7421.6,7320.3,7493.3,6585.2,7798.6,0,1.04,7581.9
2024-07-01,2024,7,Salem,Sugar,7220,3.8,7581.9,7429.4,7491.7,5554.2,7614.9,0,0.965,7131.7
2024-08-01,2024,8,Salem,Sugar,7251,3.7,7131.7,6943.7,7378.4,5543.5,7318.4,0,0.954,6824.0
2024-09-01,2024,9,Salem,Sugar,7263,4.0,6824.0,6504.4,7179.2,5844.9,7135.5,0,0.95,6811.9
2024-10-01,2024,10,Salem,Sugar,7260,3.9,6811.9,6435.1,6922.5,7116.5,8753.9,1,1.18,8562.1
2024-11-01,2024,11,Salem,Sugar,7255,3.8,8562.1,8137.2,7399.3,6292.9,8714.4,1,1.18,8177.7
2024-12-01,2024,12,Salem,Sugar,7171,4.1,8177.7,7886.3,7850.6,7146.6,7377.0,0,0.98,6830.7
2022-01-01,2022,1,Salem,Dal,6886,3.9,5847.0,5727.6,5847.0,6621.2,6305.8,1,1.08,5966.3
2022-02-01,2022,2,Salem,Dal,6826,3.7,5966.3,5760.4,5886.8,5208.1,5615.1,0,1.006,5493.7
2022-03-01,2022,3,Salem,Dal,6890,3.8,5493.7,5284.4,5769.0,4017.7,5752.6,0,1.01,5562.1
2022-04-01,2022,4,Salem,Dal,6885,3.8,5562.1,5429.9,5674.0,4234.2,5642.5,0,1.006,5441.9
2022-05-01,2022,5,Salem,Dal,6884,4.0,5441.9,5218.7,5499.2,4570.5,6042.2,0,1.04,5666.2
2022-06-01,2022,6,Salem,Dal,6912,3.9,5666.2,5518.1,5556.7,4206.3,6013.1,0,1.04,5763.9
2022-07-01,2022,7,Salem,Dal,6903,4.0,5763.9,5423.6,5624.0,3747.9,5466.3,0,0.965,5252.5
2022-08-01,2022,8,Salem,Dal,6925,3.9,5252.5,5189.9,5560.9,5174.2,5496.6,0,0.954,5306.0
2022-09-01,2022,9,Salem,Dal,6929,3.7,5306.0,5167.6,5440.8,5863.0,5363.2,0,0.95,5172.4
2022-10-01,2022,10,Salem,Dal,6932,3.9,5172.4,4864.7,5243.6,7651.9,7062.9,1,1.18,6679.7
2022-11-01,2022,11,Salem,Dal,6879,3.8,6679.7,6383.1,5719.4,6755.4,6535.8,1,1.18,6280.8
2022-12-01,2022,12,Salem,Dal,6886,3.7,6280.8,6197.7,6044.3,3838.4,5673.2,0,0.98,5273.9
2023-01-01,2023,1,Salem,Dal,7083,3.6,5273.9,4981.8,6078.1,5590.2,6343.4,1,1.08,6130.1
2023-02-01,2023,2,Salem,Dal,6969,3.9,6130.1,5965.2,5894.9,6309.8,6011.7,0,1.006,5700.1
2023-03-01,2023,3,Salem,Dal,7039,4.1,5700.1,5591.1,5701.4,6425.7,6220.7,0,1.01,5793.5
2023-04-01,2023,4,Salem,Dal,7064,3.6,5793.5,5536.8,5874.6,4534.1,5972.1,0,1.006,5790.1
2023-05-01,2023,5,Salem,Dal,7114,3.8,5790.1,5541.7,5761.2,4944.8,6269.9,0,1.04,5960.6
2023-06-01,2023,6,Salem,Dal,7052,3.9,5960.6,5749.8,5848.1,4393.6,5937.9,0,1.04,5676.6
2023-07-01,2023,7,Salem,Dal,7103,3.8,5676.6,5369.1,5809.1,6292.3,5956.7,0,0.965,5622.1
2023-08-01,2023,8,Salem,Dal,7043,4.1,5622.1,5515.6,5753.1,4805.7,5866.1,0,0.954,5462.4
2023-09-01,2023,9,Salem,Dal,7068,3.8,5462.4,5223.9,5587.0,5991.9,5392.7,0,0.95,5250.3
2023-10-01,2023,10,Salem,Dal,7155,3.8,5250.3,4991.6,5444.9,4761.0,7091.1,1,1.18,6662.5
2023-11-01,2023,11,Salem,Dal,7039,3.8,6662.5,6482.2,5791.7,7495.6,6931.4,1,1.18,6679.1
2023-12-01,2023,12,Salem,Dal,7029,3.8,6679.1,6551.8,6197.3,4018.3,5787.5,0,0.98,5560.4
2024-01-01,2024,1,Salem,Dal,7230,4.1,5560.4,5241.4,6300.7,6063.2,6538.5,1,1.08,6316.3
2024-02-01,2024,2,Salem,Dal,7198,3.9,6316.3,6050.8,6185.3,5012.6,6127.3,0,1.006,5843.1
2024-03-01,2024,3,Salem,Dal,7224,4.0,5843.1,5598.4,5906.6,4525.2,6058.3,0,1.01,5659.6
2024-04-01,2024,4,Salem,Dal,7147,3.9,5659.6,5427.8,5939.7,5262.8,6055.0,0,1.006,5804.9
2024-05-01,2024,5,Salem,Dal,7251,3.9,5804.9,5544.6,5769.2,5275.6,6261.1,0,1.04,5971.3
2024-06-01,2024,6,Salem,Dal,7246,3.8,5971.3,5661.2,5811.9,6165.7,6359.4,0,1.04,6035.1
2024-07-01,2024,7,Salem,Dal,7211,3.8,6035.1,5693.6,5937.1,4139.1,5971.2,0,0.965,5634.8
2024-08-01,2024,8,Salem,Dal,7250,3.5,5634.8,5396.6,5880.4,6036.9,6056.2,0,0.954,5659.9
2024-09-01,2024,9,Salem,Dal,7197,3.7,5659.9,5493.5,5776.6,5460.6,5681.8,0,0.95,5438.2
2024-10-01,2024,10,Salem,Dal,7217,3.8,5438.2,5290.9,5577.6,5178.4,6928.0,1,1.18,6720.3
2024-11-01,2024,11,Salem,Dal,7241,3.7,6720.3,6595.1,5939.5,6821.8,6960.9,1,1.18,6628.5
2024-12-01,2024,12,Salem,Dal,7256,3.9,6628.5,6548.3,6262.3,6295.7,6090.1,0,0.98,5659.6
2022-01-01,2022,1,Tiruchirappalli,Rice,7353,4.1,45219.4,44296.5,45219.4,41196.0,48940.6,1,1.25,46142.2
2022-02-01,2022,2,Tiruchirappalli,Rice,7460,3.8,46142.2,45061.3,45527.0,35583.2,40368.8,0,1.006,37728.7
2022-03-01,2022,3,Tiruchirappalli,Rice,7327,3.6,37728.7,37058.4,43030.1,33833.9,39468.3,0,1.01,36863.8
2022-04-01,2022,4,Tiruchirappalli,Rice,7411,3.9,36863.8,35599.5,40244.9,25808.2,37382.0,0,1.006,35961.1
2022-05-01,2022,5,Tiruchirappalli,Rice,7396,3.9,35961.1,34292.5,36851.2,40154.7,40072.4,0,1.04,37794.7
2022-06-01,2022,6,Tiruchirappalli,Rice,7447,4.0,37794.7,37316.1,36873.2,43943.7,39736.2,0,1.04,38357.0
2022-07-01,2022,7,Tiruchirappalli,Rice,7461,4.0,38357.0,36105.0,37370.9,27724.1,38181.1,0,0.965,35474.0
2022-08-01,2022,8,Tiruchirappalli,Rice,7413,3.7,35474.0,34450.1,37208.6,30745.3,36461.5,0,0.954,34633.3
2022-09-01,2022,9,Tiruchirappalli,Rice,7388,3.6,34633.3,32832.8,36154.8,31012.3,36251.8,0,0.95,35366.0
2022-10-01,2022,10,Tiruchirappalli,Rice,7409,3.6,35366.0,33421.3,35157.8,29158.8,42426.3,1,1.1,41030.1
2022-11-01,2022,11,Tiruchirappalli,Rice,7418,3.7,41030.1,40281.2,37009.8,29200.9,41622.6,1,1.1,40685.3
2022-12-01,2022,12,Tiruchirappalli,Rice,7427,3.7,40685.3,39411.7,39027.1,25617.9,38331.1,0,0.98,36333.0
2023-01-01,2023,1,Tiruchirappalli,Rice,7581,3.8,36333.0,35583.4,39349.5,43219.9,49328.1,1,1.25,45740.7
2023-02-01,2023,2,Tiruchirappalli,Rice,7640,3.6,45740.7,43625.7,40919.7,34003.7,42053.4,0,1.006,39146.6
2023-03-01,2023,3,Tiruchirappalli,Rice,7581,3.7,39146.6,37874.1,40406.8,30959.0,39907.0,0,1.01,38615.0
2023-04-01,2023,4,Tiruchirappalli,Rice,7602,3.5,38615.0,37876.1,41167.4,27859.2,40499.4,0,1.006,37770.8
2023-05-01,2023,5,Tiruchirappalli,Rice,7477,3.7,37770.8,35903.3,38510.8,29415.6,40044.8,0,1.04,38072.8
2023-06-01,2023,6,Tiruchirappalli,Rice,7524,3.9,38072.8,36877.3,38152.9,30443.9,40843.9,0,1.04,39683.8
2023-07-01,2023,7,Tiruchirappalli,Rice,7542,3.5,39683.8,37834.9,38509.1,31642.2,36903.6,0,0.965,36106.4
2023-08-01,2023,8,Tiruchirappalli,Rice,7590,3.9,36106.4,35198.6,37954.3,38874.6,36640.3,0,0.954,35381.1
2023-09-01,2023,9,Tiruchirappalli,Rice,7547,3.7,35381.1,34842.8,37057.1,37292.5,36896.3,0,0.95,34796.6
2023-10-01,2023,10,Tiruchirappalli,Rice,7566,3.7,34796.6,33879.9,35428.0,43963.4,43848.5,1,1.1,42597.0
2023-11-01,2023,11,Tiruchirappalli,Rice,7540,3.9,42597.0,40808.9,37591.6,35045.3,45248.3,1,1.1,42210.6
2023-12-01,2023,12,Tiruchirappalli,Rice,7652,3.6,42210.6,40665.0,39868.1,32943.4,40591.7,0,0.98,38819.6
2024-01-01,2024,1,Tiruchirappalli,Rice,7756,3.9,38819.6,37585.6,41209.1,46235.7,52030.9,1,1.25,48654.5
2024-02-01,2024,2,Tiruchirappalli,Rice,7785,3.9,48654.5,47631.6,43228.2,42044.6,39948.3,0,1.006,38590.6
2024-03-01,2024,3,Tiruchirappalli,Rice,7803,3.9,38590.6,36473.6,42021.6,39184.9,42582.9,0,1.01,40337.9
2024-04-01,2024,4,Tiruchirappalli,Rice,7726,3.5,40337.9,39294.2,42527.7,42128.9,41754.0,0,1.006,40281.5
2024-05-01,2024,5,Tiruchirappalli,Rice,7731,3.9,40281.5,38320.3,39736.7,30026.3,42671.2,0,1.04,41303.1
2024-06-01,2024,6,Tiruchirappalli,Rice,7795,4.0,41303.1,39095.4,40640.8,42036.8,41723.9,0,1.04,40797.8
2024-07-01,2024,7,Tiruchirappalli,Rice,7798,3.8,40797.8,39046.2,40794.1,27487.7,38087.7,0,0.965,37310.9
2024-08-01,2024,8,Tiruchirappalli,Rice,7695,3.8,37310.9,35554.7,39803.9,34558.7,38169.8,0,0.954,36505.7
2024-09-01,2024,9,Tiruchirappalli,Rice,7807,3.6,36505.7,34634.1,38204.8,34433.4,39224.0,0,0.95,37220.2
2024-10-01,2024,10,Tiruchirappalli,Rice,7804,3.8,37220.2,35116.1,37012.3,47000.2,43945.9,1,1.1,42237.1
2024-11-01,2024,11,Tiruchirappalli,Rice,7786,3.7,42237.1,40561.5,38654.3,47541.2,45680.7,1,1.1,43019.1
2024-12-01,2024,12,Tiruchirappalli,Rice,7701,4.0,43019.1,42141.9,40825.5,32167.5,41574.5,0,0.98,38610.9
2022-01-01,2022,1,Tiruchirappalli,Wheat,7367,3.7,19955.7,19548.5,19955.7,14402.9,21495.3,1,1.08,20363.0
2022-02-01,2022,2,Tiruchirappalli,Wheat,7453,4.0,20363.0,19883.2,20091.5,15612.7,19252.9,0,1.006,18277.0
2022-03-01,2022,3,Tiruchirappalli,Wheat,7408,3.9,18277.0,17303.4,19531.9,19572.8,19811.6,0,1.01,18624.5
2022-04-01,2022,4,Tiruchirappalli,Wheat,7367,3.6,18624.5,17617.1,19088.2,17209.2,18625.9,0,1.006,18246.8
2022-05-01,2022,5,Tiruchirappalli,Wheat,7402,3.9,18246.8,17928.5,18382.8,16473.5,19914.6,0,1.04,18913.5
2022-06-01,2022,6,Tiruchirappalli,Wheat,7401,3.6,18913.5,18352.8,18594.9,16004.0,19502.2,0,1.04,19013.6
2022-07-01,2022,7,Tiruchirappalli,Wheat,7452,3.4,19013.6,17964.7,18724.6,15442.6,19167.5,0,0.965,18437.1
2022-08-01,2022,8,Tiruchirappalli,Wheat,7412,4.0,18437.1,17702.1,18788.1,13741.1,18785.3,0,0.954,18081.7
2022-09-01,2022,9,Tiruchirappalli,Wheat,7408,3.6,18081.7,17568.5,18510.8,19649.8,19153.9,0,0.95,17981.4
2022-10-01,2022,10,Tiruchirappalli,Wheat,7439,3.9,17981.4,17352.0,18166.7,16064.8,23281.2,1,1.18,22576.8
2022-11-01,2022,11,Tiruchirappalli,Wheat,7477,3.6,22576.8,21543.4,19546.6,24822.5,22500.6,1,1.18,21897.7
2022-12-01,2022,12,Tiruchirappalli,Wheat,7415,4.2,21897.7,20702.1,20818.6,13247.7,18874.6,0,0.98,17933.4
2023-01-01,2023,1,Tiruchirappalli,Wheat,7592,3.7,17933.4,16908.5,20802.6,21234.6,21020.8,1,1.08,19863.4
2023-02-01,2023,2,Tiruchirappalli,Wheat,7594,4.1,19863.4,18712.9,19898.2,16007.8,19761.9,0,1.006,19091.1
2023-03-01,2023,3,Tiruchirappalli,Wheat,7643,3.9,19091.1,18531.4,18962.6,15582.8,20790.5,0,1.01,19838.8
2023-04-01,2023,4,Tiruchirappalli,Wheat,7535,3.5,19838.8,19344.6,19597.8,13661.1,20694.8,0,1.006,19256.7
2023-05-01,2023,5,Tiruchirappalli,Wheat,7547,4.0,19256.7,18405.3,19395.5,17403.6,20501.7,0,1.04,19243.6
2023-06-01,2023,6,Tiruchirappalli,Wheat,7645,3.8,19243.6,18485.7,19446.4,16955.0,21011.1,0,1.04,19487.9
2023-07-01,2023,7,Tiruchirappalli,Wheat,7587,3.5,19487.9,18379.1,19329.4,16684.9,19946.6,0,0.965,18471.4
2023-08-01,2023,8,Tiruchirappalli,Wheat,7548,3.7,18471.4,17690.7,19067.6,15885.8,19224.0,0,0.954,17916.2
2023-09-01,2023,9,Tiruchirappalli,Wheat,7558,4.1,17916.2,17188.2,18625.2,19950.2,18983.9,0,0.95,17761.5
2023-10-01,2023,10,Tiruchirappalli,Wheat,7591,4.2,17761.5,17272.0,18049.7,19507.1,23366.8,1,1.18,22150.6
2023-11-01,2023,11,Tiruchirappalli,Wheat,7574,3.7,22150.6,21196.0,19276.1,16393.4,23303.6,1,1.18,22569.4
2023-12-01,2023,12,Tiruchirappalli,Wheat,7558,3.9,22569.4,21838.6,20827.2,15921.5,19628.0,0,0.98,18611.5
2024-01-01,2024,1,Tiruchirappalli,Wheat,7739,3.8,18611.5,18242.1,21110.5,17713.1,22185.9,1,1.08,21255.4
2024-02-01,2024,2,Tiruchirappalli,Wheat,7775,3.8,21255.4,20132.6,20812.1,14066.1,20169.2,0,1.006,19104.3
2024-03-01,2024,3,Tiruchirappalli,Wheat,7788,4.0,19104.3,18855.5,19657.1,21638.6,21991.3,0,1.01,20558.0
2024-04-01,2024,4,Tiruchirappalli,Wheat,7755,3.9,20558.0,19609.3,20305.9,16930.6,19616.2,0,1.006,19186.1
2024-05-01,2024,5,Tiruchirappalli,Wheat,7795,3.8,19186.1,18530.2,19616.1,22754.2,21560.5,0,1.04,20176.8
2024-06-01,2024,6,Tiruchirappalli,Wheat,7845,3.7,20176.8,18988.5,19973.6,18624.4,21320.7,0,1.04,20741.4
2024-07-01,2024,7,Tiruchirappalli,Wheat,7749,3.8,20741.4,20164.7,20034.8,15156.7,19826.0,0,0.965,19008.8
2024-08-01,2024,8,Tiruchirappalli,Wheat,7777,3.8,19008.8,18288.9,19975.7,20134.8,19779.2,0,0.954,18996.8
2024-09-01,2024,9,Tiruchirappalli,Wheat,7786,4.0,18996.8,18383.9,19582.3,21110.7,19501.4,0,0.95,18664.3
2024-10-01,2024,10,Tiruchirappalli,Wheat,7819,3.6,18664.3,18049.4,18890.0,22302.5,24639.8,1,1.18,23299.2
2024-11-01,2024,11,Tiruchirappalli,Wheat,7775,3.7,23299.2,22116.6,20320.1,22999.4,23773.9,1,1.18,23000.9
2024-12-01,2024,12,Tiruchirappalli,Wheat,7828,3.6,23000.9,21713.0,21654.8,15107.1,19691.3,0,0.98,19098.0
2022-01-01,2022,1,Tiruchirappalli,Sugar,7395,3.7,8528.2,8354.1,8528.2,9377.6,9076.1,1,1.25,8702.2
2022-02-01,2022,2,Tiruchirappalli,Sugar,7475,3.7,8702.2,8243.3,8586.2,7207.0,7703.6,0,1.006,7521.1
2022-03-01,2022,3,Tiruchirappalli,Sugar,7405,4.0,7521.1,7282.7,8250.5,5407.7,7946.1,0,1.01,7505.3
2022-04-01,2022,4,Tiruchirappalli,Sugar,7350,3.7,7505.3,7410.0,7909.5,5835.3,7700.5,0,1.006,7515.4
2022-05-01,2022,5,Tiruchirappalli,Sugar,7401,3.6,7515.4,7112.2,7513.9,7646.9,8188.9,0,1.04,7586.7
2022-06-01,2022,6,Tiruchirappalli,Sugar,7352,3.7,7586.7,7491.5,7535.8,5502.7,7890.5,0,1.04,7491.3
2022-07-01,2022,7,Tiruchirappalli,Sugar,7442,4.0,7491.3,7043.4,7531.1,5073.8,7458.8,0,0.965,7138.1
2022-08-01,2022,8,Tiruchirappalli,Sugar,7303,3.8,7138.1,6829.5,7405.4,5925.3,7486.4,0,0.954,7037.9
2022-09-01,2022,9,Tiruchirappalli,Sugar,7387,3.8,7037.9,6754.0,7222.4,6705.4,7517.2,0,0.95,7087.3
2022-10-01,2022,10,Tiruchirappalli,Sugar,7380,3.7,7087.3,6830.4,7087.8,9723.3,9047.6,1,1.18,8479.9
2022-11-01,2022,11,Tiruchirappalli,Sugar,7401,3.8,8479.9,8073.1,7535.0,9857.6,9030.9,1,1.18,8645.5
2022-12-01,2022,12,Tiruchirappalli,Sugar,7349,3.7,8645.5,8205.0,8070.9,6540.7,7827.1,0,0.98,7357.3
2023-01-01,2023,1,Tiruchirappalli,Sugar,7601,3.9,7357.3,7128.6,8160.9,8853.3,9770.4,1,1.25,9350.1
2023-02-01,2023,2,Tiruchirappalli,Sugar,7600,3.8,9350.1,8977.4,8451.0,7676.6,7861.4,0,1.006,7646.4
2023-03-01,2023,3,Tiruchirappalli,Sugar,7563,3.6,7646.4,7339.0,8117.9,6550.9,7951.6,0,1.01,7608.4
2023-04-01,2023,4,Tiruchirappalli,Sugar,7661,3.6,7608.4,7377.8,8201.6,7352.8,8121.6,0,1.006,7747.4
2023-05-01,2023,5,Tiruchirappalli,Sugar,7610,3.7,7747.4,7503.5,7667.4,7540.9,8434.9,0,1.04,7906.6
2023-06-01,2023,6,Tiruchirappalli,Sugar,7579,3.9,7906.6,7535.4,7754.1,8413.7,8715.8,0,1.04,8162.6
2023-07-01,2023,7,Tiruchirappalli,Sugar,7543,3.8,8162.6,7921.8,7938.9,6705.9,7604.6,0,0.965,7201.6
2023-08-01,2023,8,Tiruchirappalli,Sugar,7526,3.8,7201.6,6873.3,7756.9,7365.7,7412.6,0,0.954,7147.2
2023-09-01,2023,9,Tiruchirappalli,Sugar,7608,3.8,7147.2,6726.9,7503.8,7078.2,7395.0,0,0.95,7211.2
2023-10-01,2023,10,Tiruchirappalli,Sugar,7536,3.9,7211.2,6977.0,7186.7,6658.2,9069.2,1,1.18,8445.9
2023-11-01,2023,11,Tiruchirappalli,Sugar,7593,4.0,8445.9,7948.7,7601.4,8040.1,9617.4,1,1.18,8999.9
2023-12-01,2023,12,Tiruchirappalli,Sugar,7618,3.8,8999.9,8797.3,8219.0,6230.3,7823.2,0,0.98,7589.1
2024-01-01,2024,1,Tiruchirappalli,Sugar,7739,3.6,7589.1,7209.1,8345.0,9852.2,10544.6,1,1.25,10084.8
2024-02-01,2024,2,Tiruchirappalli,Sugar,7819,3.6,10084.8,9520.8,8891.3,6936.0,8172.2,0,1.006,7880.6
2024-03-01,2024,3,Tiruchirappalli,Sugar,7809,3.9,7880.6,7727.7,8518.2,8296.5,8743.7,0,1.01,8250.5
2024-04-01,2024,4,Tiruchirappalli,Sugar,7715,3.9,8250.5,8139.8,8738.6,6194.5,7881.5,0,1.006,7704.7
2024-05-01,2024,5,Tiruchirappalli,Sugar,7739,3.7,7704.7,7588.1,7945.3,8723.0,8666.3,0,1.04,8378.5
2024-06-01,2024,6,Tiruchirappalli,Sugar,7770,3.7,8378.5,8194.2,8111.2,8895.9,8061.6,0,1.04,7807.2
2024-07-01,2024,7,Tiruchirappalli,Sugar,7763,3.9,7807.2,7590.8,7963.5,8616.9,8062.2,0,0.965,7595.1
2024-08-01,2024,8,Tiruchirappalli,Sugar,7797,3.9,7595.1,7288.8,7926.9,7014.7,7782.8,0,0.954,7316.3
2024-09-01,2024,9,Tiruchirappalli,Sugar,7696,3.8,7316.3,6953.0,7572.9,6105.1,8079.8,0,0.95,7588.7
2024-10-01,2024,10,Tiruchirappalli,Sugar,7734,3.7,7588.7,7287.2,7500.0,9993.1,9613.3,1,1.18,9009.6
2024-11-01,2024,11,Tiruchirappalli,Sugar,7785,3.8,9009.6,8635.8,7971.5,7933.4,9830.0,1,1.18,9124.0
2024-12-01,2024,12,Tiruchirappalli,Sugar,7783,3.8,9124.0,8731.3,8574.1,6102.0,7715.7,0,0.98,7516.2
2022-01-01,2022,1,Tiruchirappalli,Dal,7409,3.8,6371.6,6241.5,6371.6,6788.3,6966.0,1,1.08,6501.6
2022-02-01,2022,2,Tiruchirappalli,Dal,7384,3.8,6501.6,6159.2,6414.9,5060.9,6322.6,0,1.006,5959.4
2022-03-01,2022,3,Tiruchirappalli,Dal,7405,4.1,5959.4,5751.0,6277.5,6460.8,6345.0,0,1.01,5940.2
2022-04-01,2022,4,Tiruchirappalli,Dal,7373,3.8,5940.2,5624.6,6133.7,6203.0,6331.0,0,1.006,5974.1
2022-05-01,2022,5,Tiruchirappalli,Dal,7394,3.9,5974.1,5858.2,5957.9,5107.8,6659.4,0,1.04,6278.5
2022-06-01,2022,6,Tiruchirappalli,Dal,7432,3.8,6278.5,6175.9,6064.3,5590.1,6861.3,0,1.04,6406.8
2022-07-01,2022,7,Tiruchirappalli,Dal,7406,4.0,6406.8,6076.3,6219.8,5624.0,6079.6,0,0.965,5786.4
2022-08-01,2022,8,Tiruchirappalli,Dal,7368,3.9,5786.4,5572.6,6157.2,4234.9,6020.4,0,0.954,5665.9
2022-09-01,2022,9,Tiruchirappalli,Dal,7445,4.0,5665.9,5563.6,5953.0,4321.5,6122.6,0,0.95,5756.9
2022-10-01,2022,10,Tiruchirappalli,Dal,7388,3.8,5756.9,5528.9,5736.4,5752.6,7405.6,1,1.18,7000.4
2022-11-01,2022,11,Tiruchirappalli,Dal,7394,3.8,7000.4,6667.5,6141.1,4868.0,7102.5,1,1.18,6906.7
2022-12-01,2022,12,Tiruchirappalli,Dal,7450,3.8,6906.7,6680.2,6554.7,5015.1,6109.8,0,0.98,5866.7
2023-01-01,2023,1,Tiruchirappalli,Dal,7622,3.8,5866.7,5667.4,6591.3,8009.9,7211.0,1,1.08,7012.5
2023-02-01,2023,2,Tiruchirappalli,Dal,7670,3.8,7012.5,6679.4,6595.3,5412.5,6443.4,0,1.006,6103.3
2023-03-01,2023,3,Tiruchirappalli,Dal,7561,3.9,6103.3,5865.9,6327.5,5590.7,6448.5,0,1.01,6170.0
2023-04-01,2023,4,Tiruchirappalli,Dal,7624,3.8,6170.0,5879.0,6428.6,6136.9,6587.1,0,1.006,6338.3
2023-05-01,2023,5,Tiruchirappalli,Dal,7614,3.8,6338.3,6273.6,6203.9,5576.4,6479.3,0,1.04,6276.8
2023-06-01,2023,6,Tiruchirappalli,Dal,7579,3.9,6276.8,5969.1,6261.7,4820.2,6583.6,0,1.04,6391.4
2023-07-01,2023,7,Tiruchirappalli,Dal,7596,3.8,6391.4,6029.5,6335.5,4925.4,6039.0,0,0.965,5747.4
2023-08-01,2023,8,Tiruchirappalli,Dal,7578,4.0,5747.4,5510.3,6138.5,4208.0,6033.5,0,0.954,5877.0
2023-09-01,2023,9,Tiruchirappalli,Dal,7631,3.7,5877.0,5816.6,6005.3,5313.2,6065.5,0,0.95,5719.3
2023-10-01,2023,10,Tiruchirappalli,Dal,7512,3.8,5719.3,5622.5,5781.2,6701.7,7884.2,1,1.18,7304.7
2023-11-01,2023,11,Tiruchirappalli,Dal,7554,3.9,7304.7,7226.9,6300.3,5328.1,7675.0,1,1.18,7163.2
2023-12-01,2023,12,Tiruchirappalli,Dal,7585,3.6,7163.2,6986.4,6729.1,5012.9,6291.9,0,0.98,5885.1
2024-01-01,2024,1,Tiruchirappalli,Dal,7741,3.7,5885.1,5775.5,6784.3,5610.0,6741.9,1,1.08,6451.3
2024-02-01,2024,2,Tiruchirappalli,Dal,7787,3.8,6451.3,6346.8,6499.9,4773.9,6635.8,0,1.006,6381.7
2024-03-01,2024,3,Tiruchirappalli,Dal,7764,3.8,6381.7,6303.0,6239.4,6464.5,6325.9,0,1.01,6142.5
2024-04-01,2024,4,Tiruchirappalli,Dal,7726,3.7,6142.5,5811.6,6325.2,6941.1,6409.1,0,1.006,6257.5
2024-05-01,2024,5,Tiruchirappalli,Dal,7776,4.0,6257.5,5941.5,6260.6,7097.1,6742.7,0,1.04,6545.5
2024-06-01,2024,6,Tiruchirappalli,Dal,7754,4.0,6545.5,6157.1,6315.2,7165.3,6951.7,0,1.04,6460.2
2024-07-01,2024,7,Tiruchirappalli,Dal,7763,3.8,6460.2,6337.3,6421.1,5151.5,6124.4,0,0.965,5874.0
2024-08-01,2024,8,Tiruchirappalli,Dal,7732,3.9,5874.0,5681.5,6293.2,4868.8,5973.0,0,0.954,5798.7
2024-09-01,2024,9,Tiruchirappalli,Dal,7794,3.9,5798.7,5596.7,6044.3,4292.4,6112.4,0,0.95,5805.7
2024-10-01,2024,10,Tiruchirappalli,Dal,7785,3.7,5805.7,5566.9,5826.1,8289.0,7602.4,1,1.18,7335.1
2024-11-01,2024,11,Tiruchirappalli,Dal,7755,3.8,7335.1,7244.7,6313.2,5545.2,7820.7,1,1.18,7262.5
2024-12-01,2024,12,Tiruchirappalli,Dal,7726,4.0,7262.5,7104.0,6801.1,5883.6,6231.6,0,0.98,5988.7
